group	x	y	clickSelects	showSelected1
24	-14.25	-0.25	25	1250,0
24	-14.25	0.25	25	1250,0
24	-13.25	1.25	25	1250,0
24	-12.75	1.25	25	1250,0
24	-12.25	0.75	25	1250,0
24	-11.75	0.75	25	1250,0
24	-11.25	1.25	25	1250,0
24	-10.75	1.25	25	1250,0
24	-10.25	0.75	25	1250,0
24	-7.75	0.75	25	1250,0
24	-7.25	1.25	25	1250,0
24	-6.75	1.25	25	1250,0
24	-6.25	0.75	25	1250,0
24	-5.75	0.75	25	1250,0
24	-5.25	1.25	25	1250,0
24	-4.75	1.25	25	1250,0
24	-4.25	0.75	25	1250,0
24	4.75	0.75	25	1250,0
24	4.75	0.25	25	1250,0
24	4.25	-0.25	25	1250,0
24	-14.25	-0.25	25	1250,0
24	-45.25	-0.25	25	1300,0
24	-45.25	0.25	25	1300,0
24	-44.75	0.75	25	1300,0
24	-34.25	0.75	25	1300,0
24	-33.75	0.25	25	1300,0
24	-33.75	-0.25	25	1300,0
24	-45.25	-0.25	25	1300,0
99	-12.75	1.25	64	1250,0
99	-12.75	1.75	64	1250,0
99	-11.25	3.25	64	1250,0
99	-10.75	3.25	64	1250,0
99	-10.25	2.75	64	1250,0
99	-8.25	2.75	64	1250,0
99	-7.25	1.75	64	1250,0
99	-7.25	1.25	64	1250,0
99	-7.75	0.75	64	1250,0
99	-10.25	0.75	64	1250,0
99	-10.75	1.25	64	1250,0
99	-11.25	1.25	64	1250,0
99	-11.75	0.75	64	1250,0
99	-12.25	0.75	64	1250,0
99	-12.75	1.25	64	1250,0
64	-10.75	3.25	46	1250,0
64	-10.75	3.75	46	1250,0
64	-2.25	12.25	46	1250,0
64	-1.75	12.25	46	1250,0
64	-0.75	11.25	46	1250,0
64	-0.75	10.75	46	1250,0
64	-8.75	2.75	46	1250,0
64	-10.25	2.75	46	1250,0
64	-10.75	3.25	46	1250,0
26	-1.75	12.25	27	1250,0
26	-1.75	12.75	27	1250,0
26	0.75	15.25	27	1250,0
26	1.25	15.25	27	1250,0
26	2.25	14.25	27	1250,0
26	2.75	14.25	27	1250,0
26	4.25	15.75	27	1250,0
26	4.75	15.75	27	1250,0
26	4.75	12.25	27	1250,0
26	3.75	12.25	27	1250,0
26	3.75	11.75	27	1250,0
26	4.75	10.75	27	1250,0
26	4.75	6.25	27	1250,0
26	4.25	6.25	27	1250,0
26	2.25	8.25	27	1250,0
26	2.25	9.25	27	1250,0
26	1.75	9.25	27	1250,0
26	-6.25	1.25	27	1250,0
26	-6.75	1.25	27	1250,0
26	-8.25	2.75	27	1250,0
26	-8.25	3.25	27	1250,0
26	-0.75	10.75	27	1250,0
26	-0.75	11.25	27	1250,0
26	-1.75	12.25	27	1250,0
26	-42.75	21.25	27	1300,0
26	-42.75	21.75	27	1300,0
26	-41.75	22.75	27	1300,0
26	-41.25	22.75	27	1300,0
26	-38.25	19.75	27	1300,0
26	-38.25	19.25	27	1300,0
26	-38.75	19.25	27	1300,0
26	-39.25	19.75	27	1300,0
26	-39.75	19.75	27	1300,0
26	-39.75	17.75	27	1300,0
26	-43.75	13.75	27	1300,0
26	-45.25	13.75	27	1300,0
26	-45.25	17.25	27	1300,0
26	-44.25	17.25	27	1300,0
26	-41.75	19.75	27	1300,0
26	-41.75	20.25	27	1300,0
26	-42.75	21.25	27	1300,0
101	1.25	15.25	66	1250,0
101	1.25	15.75	66	1250,0
101	4.25	18.75	66	1250,0
101	4.75	18.75	66	1250,0
101	4.75	16.25	66	1250,0
101	2.75	14.25	66	1250,0
101	2.25	14.25	66	1250,0
101	1.25	15.25	66	1250,0
101	-45.25	18.75	66	1300,0
101	-45.25	19.25	66	1300,0
101	-43.25	21.25	66	1300,0
101	-42.75	21.25	66	1300,0
101	-41.75	20.25	66	1300,0
101	-41.75	19.75	66	1300,0
101	-44.25	17.25	66	1300,0
101	-44.75	17.25	66	1300,0
101	-45.25	17.75	66	1300,0
101	-45.25	18.75	66	1300,0
27	-45.25	10.75	27	1300,0
27	-45.25	11.25	27	1300,0
27	-44.75	11.25	27	1300,0
27	-41.25	7.75	27	1300,0
27	-41.25	7.25	27	1300,0
27	-43.75	4.75	27	1300,0
27	-44.25	4.75	27	1300,0
27	-45.25	5.75	27	1300,0
27	-45.25	10.75	27	1300,0
22	-41.25	22.75	23	1300,0
22	-41.25	23.25	23	1300,0
22	-35.75	28.75	23	1300,0
22	-35.25	28.75	23	1300,0
22	-31.75	25.25	23	1300,0
22	-31.75	24.75	23	1300,0
22	-32.25	24.25	23	1300,0
22	-32.75	24.25	23	1300,0
22	-33.25	24.75	23	1300,0
22	-33.75	24.75	23	1300,0
22	-33.75	22.75	23	1300,0
22	-34.75	21.75	23	1300,0
22	-35.75	21.75	23	1300,0
22	-36.75	20.75	23	1300,0
22	-37.75	20.75	23	1300,0
22	-37.75	19.75	23	1300,0
22	-38.25	19.75	23	1300,0
22	-41.25	22.75	23	1300,0
102	-35.25	28.75	67	1300,0
102	-35.25	29.25	67	1300,0
102	-34.75	29.25	67	1300,0
102	-33.75	28.25	67	1300,0
102	-33.75	27.75	67	1300,0
102	-34.25	27.75	67	1300,0
102	-35.25	28.75	67	1300,0
103	-34.25	29.75	67	1300,0
103	-34.25	30.25	67	1300,0
103	-33.75	30.25	67	1300,0
103	-32.75	29.25	67	1300,0
103	-32.75	28.75	67	1300,0
103	-33.25	28.75	67	1300,0
103	-34.25	29.75	67	1300,0
65	-33.75	30.25	47	1300,0
65	-33.75	30.75	47	1300,0
65	-32.75	31.75	47	1300,0
65	-32.25	31.75	47	1300,0
65	-31.25	30.75	47	1300,0
65	-31.25	30.25	47	1300,0
65	-31.75	29.75	47	1300,0
65	-31.75	29.25	47	1300,0
65	-31.25	28.75	47	1300,0
65	-30.25	28.75	47	1300,0
65	-30.25	26.75	47	1300,0
65	-21.25	17.75	47	1300,0
65	-20.25	17.75	47	1300,0
65	-18.75	16.25	47	1300,0
65	-17.75	16.25	47	1300,0
65	-17.75	15.75	47	1300,0
65	-18.75	14.75	47	1300,0
65	-19.25	14.75	47	1300,0
65	-32.75	28.25	47	1300,0
65	-32.75	29.25	47	1300,0
65	-33.75	30.25	47	1300,0
66	-33.75	27.25	47	1300,0
66	-33.75	27.75	47	1300,0
66	-33.25	27.75	47	1300,0
66	-19.75	14.25	47	1300,0
66	-19.75	13.75	47	1300,0
66	-20.25	13.75	47	1300,0
66	-33.75	27.25	47	1300,0
62	-32.25	31.75	44	1300,0
62	-32.25	32.25	44	1300,0
62	-31.75	32.75	44	1300,0
62	-31.25	32.75	44	1300,0
62	-28.75	30.25	44	1300,0
62	-28.75	29.75	44	1300,0
62	-29.25	29.25	44	1300,0
62	-29.25	26.75	44	1300,0
62	-27.75	25.25	44	1300,0
62	-26.75	25.25	44	1300,0
62	-26.75	24.25	44	1300,0
62	-25.25	22.75	44	1300,0
62	-24.25	22.75	44	1300,0
62	-24.25	21.75	44	1300,0
62	-21.25	18.75	44	1300,0
62	-20.75	18.75	44	1300,0
62	-20.25	19.25	44	1300,0
62	-19.75	19.25	44	1300,0
62	-17.25	16.75	44	1300,0
62	-17.25	16.25	44	1300,0
62	-18.75	16.25	44	1300,0
62	-20.25	17.75	44	1300,0
62	-21.25	17.75	44	1300,0
62	-30.25	26.75	44	1300,0
62	-30.25	28.75	44	1300,0
62	-31.25	28.75	44	1300,0
62	-31.75	29.25	44	1300,0
62	-31.75	29.75	44	1300,0
62	-31.25	30.25	44	1300,0
62	-31.25	30.75	44	1300,0
62	-32.25	31.75	44	1300,0
8	-31.25	32.75	15	1300,0
8	-31.25	33.25	15	1300,0
8	-25.75	38.75	15	1300,0
8	-25.25	38.75	15	1300,0
8	-22.25	35.75	15	1300,0
8	-21.75	35.75	15	1300,0
8	-17.25	40.25	15	1300,0
8	-16.25	40.25	15	1300,0
8	-15.75	40.75	15	1300,0
8	-15.75	41.75	15	1300,0
8	-15.25	42.25	15	1300,0
8	-15.25	43.25	15	1300,0
8	-14.75	43.25	15	1300,0
8	-13.75	42.25	15	1300,0
8	-13.75	41.75	15	1300,0
8	-14.75	40.75	15	1300,0
8	-14.75	40.25	15	1300,0
8	-13.75	39.25	15	1300,0
8	-13.75	37.75	15	1300,0
8	-14.25	37.25	15	1300,0
8	-14.25	36.75	15	1300,0
8	-13.25	35.75	15	1300,0
8	-12.75	35.75	15	1300,0
8	-12.75	36.25	15	1300,0
8	-13.25	36.75	15	1300,0
8	-13.25	37.25	15	1300,0
8	-12.75	37.75	15	1300,0
8	-12.25	37.75	15	1300,0
8	-11.75	37.25	15	1300,0
8	-11.75	35.25	15	1300,0
8	-11.25	34.75	15	1300,0
8	-11.25	33.75	15	1300,0
8	-10.75	33.75	15	1300,0
8	-10.25	34.25	15	1300,0
8	-10.25	35.25	15	1300,0
8	-9.25	35.25	15	1300,0
8	-9.25	36.25	15	1300,0
8	-8.75	36.25	15	1300,0
8	-8.25	35.75	15	1300,0
8	-6.75	35.75	15	1300,0
8	-5.75	36.75	15	1300,0
8	-5.75	37.25	15	1300,0
8	-6.25	37.75	15	1300,0
8	-6.25	38.25	15	1300,0
8	-5.75	38.25	15	1300,0
8	-4.25	36.75	15	1300,0
8	-3.75	36.75	15	1300,0
8	-3.75	37.25	15	1300,0
8	-4.25	37.75	15	1300,0
8	-4.25	38.25	15	1300,0
8	-3.75	38.25	15	1300,0
8	-2.75	37.25	15	1300,0
8	-2.25	37.25	15	1300,0
8	-0.75	38.75	15	1300,0
8	-0.75	39.25	15	1300,0
8	-2.25	40.75	15	1300,0
8	-2.25	42.25	15	1300,0
8	-1.75	42.25	15	1300,0
8	-0.75	41.25	15	1300,0
8	-0.25	41.25	15	1300,0
8	0.25	41.75	15	1300,0
8	0.25	42.75	15	1300,0
8	0.75	43.25	15	1300,0
8	1.25	43.25	15	1300,0
8	1.75	42.75	15	1300,0
8	2.25	42.75	15	1300,0
8	2.75	43.25	15	1300,0
8	2.75	44.75	15	1300,0
8	2.25	45.25	15	1300,0
8	2.25	45.75	15	1300,0
8	2.75	45.75	15	1300,0
8	3.75	44.75	15	1300,0
8	3.75	43.25	15	1300,0
8	2.75	42.25	15	1300,0
8	2.75	41.75	15	1300,0
8	5.25	39.25	15	1300,0
8	5.25	33.75	15	1300,0
8	4.75	33.75	15	1300,0
8	2.75	35.75	15	1300,0
8	2.25	35.75	15	1300,0
8	0.75	34.25	15	1300,0
8	0.75	33.75	15	1300,0
8	5.25	29.25	15	1300,0
8	5.25	11.75	15	1300,0
8	3.75	10.25	15	1300,0
8	1.75	10.25	15	1300,0
8	0.75	9.25	15	1300,0
8	0.75	8.25	15	1300,0
8	0.25	8.25	15	1300,0
8	-0.75	9.25	15	1300,0
8	-0.75	9.75	15	1300,0
8	0.25	9.75	15	1300,0
8	1.25	10.75	15	1300,0
8	1.25	11.25	15	1300,0
8	-2.25	14.75	15	1300,0
8	-2.25	15.75	15	1300,0
8	-3.25	16.75	15	1300,0
8	-3.75	16.75	15	1300,0
8	-5.75	14.75	15	1300,0
8	-6.25	14.75	15	1300,0
8	-6.25	15.25	15	1300,0
8	-4.75	16.75	15	1300,0
8	-4.75	18.25	15	1300,0
8	-5.75	18.25	15	1300,0
8	-7.25	19.75	15	1300,0
8	-8.25	19.75	15	1300,0
8	-8.25	21.75	15	1300,0
8	-9.25	21.75	15	1300,0
8	-10.25	22.75	15	1300,0
8	-10.75	22.75	15	1300,0
8	-15.25	18.25	15	1300,0
8	-15.25	16.75	15	1300,0
8	-14.75	16.25	15	1300,0
8	-13.25	16.25	15	1300,0
8	-12.75	16.75	15	1300,0
8	-12.25	16.75	15	1300,0
8	-10.25	14.75	15	1300,0
8	-10.25	14.25	15	1300,0
8	-11.25	14.25	15	1300,0
8	-11.75	13.75	15	1300,0
8	-11.75	13.25	15	1300,0
8	-11.25	12.75	15	1300,0
8	-10.25	12.75	15	1300,0
8	-9.75	12.25	15	1300,0
8	-9.75	11.75	15	1300,0
8	-10.25	11.25	15	1300,0
8	-10.75	11.25	15	1300,0
8	-15.75	16.25	15	1300,0
8	-16.25	16.25	15	1300,0
8	-16.25	15.75	15	1300,0
8	-15.75	15.25	15	1300,0
8	-15.75	14.75	15	1300,0
8	-16.25	14.25	15	1300,0
8	-16.25	13.75	15	1300,0
8	-15.75	13.75	15	1300,0
8	-15.25	14.25	15	1300,0
8	-14.75	14.25	15	1300,0
8	-14.25	13.75	15	1300,0
8	-14.25	12.75	15	1300,0
8	-11.25	9.75	15	1300,0
8	-10.25	9.75	15	1300,0
8	-10.25	9.25	15	1300,0
8	-10.75	8.75	15	1300,0
8	-11.25	8.75	15	1300,0
8	-12.25	9.75	15	1300,0
8	-13.25	9.75	15	1300,0
8	-18.25	14.75	15	1300,0
8	-18.25	15.25	15	1300,0
8	-17.25	16.25	15	1300,0
8	-17.25	16.75	15	1300,0
8	-19.75	19.25	15	1300,0
8	-20.25	19.25	15	1300,0
8	-20.75	18.75	15	1300,0
8	-21.25	18.75	15	1300,0
8	-24.25	21.75	15	1300,0
8	-24.25	22.75	15	1300,0
8	-25.25	22.75	15	1300,0
8	-26.75	24.25	15	1300,0
8	-26.75	25.25	15	1300,0
8	-27.75	25.25	15	1300,0
8	-29.25	26.75	15	1300,0
8	-29.25	29.25	15	1300,0
8	-28.75	29.75	15	1300,0
8	-28.75	30.25	15	1300,0
8	-31.25	32.75	15	1300,0
8	-44.75	38.25	15	1350,0
8	-44.75	38.75	15	1350,0
8	-43.25	40.25	15	1350,0
8	-41.75	40.25	15	1350,0
8	-41.25	39.75	15	1350,0
8	-41.25	38.25	15	1350,0
8	-42.25	37.25	15	1350,0
8	-42.25	36.75	15	1350,0
8	-39.75	34.25	15	1350,0
8	-39.75	33.75	15	1350,0
8	-40.75	33.75	15	1350,0
8	-40.75	32.75	15	1350,0
8	-41.25	32.25	15	1350,0
8	-41.25	31.75	15	1350,0
8	-40.75	31.75	15	1350,0
8	-39.25	33.25	15	1350,0
8	-38.75	33.25	15	1350,0
8	-37.25	31.75	15	1350,0
8	-36.75	31.75	15	1350,0
8	-36.25	32.25	15	1350,0
8	-35.25	32.25	15	1350,0
8	-34.75	32.75	15	1350,0
8	-34.25	32.75	15	1350,0
8	-34.25	31.75	15	1350,0
8	-33.75	31.25	15	1350,0
8	-32.75	31.25	15	1350,0
8	-32.75	30.75	15	1350,0
8	-33.25	30.25	15	1350,0
8	-33.25	29.75	15	1350,0
8	-32.25	28.75	15	1350,0
8	-30.25	28.75	15	1350,0
8	-30.25	28.25	15	1350,0
8	-30.75	27.75	15	1350,0
8	-30.75	27.25	15	1350,0
8	-30.25	26.75	15	1350,0
8	-30.25	26.25	15	1350,0
8	-44.25	12.25	15	1350,0
8	-44.75	12.25	15	1350,0
8	-44.75	28.75	15	1350,0
8	-44.25	28.75	15	1350,0
8	-43.75	28.25	15	1350,0
8	-43.25	28.25	15	1350,0
8	-41.75	29.75	15	1350,0
8	-41.75	30.25	15	1350,0
8	-44.75	33.25	15	1350,0
8	-44.75	38.25	15	1350,0
9	-23.75	32.25	15	1300,0
9	-23.75	32.75	15	1300,0
9	-22.75	33.75	15	1300,0
9	-21.75	33.75	15	1300,0
9	-21.25	34.25	15	1300,0
9	-20.75	34.25	15	1300,0
9	-20.25	33.75	15	1300,0
9	-20.25	32.75	15	1300,0
9	-19.75	32.25	15	1300,0
9	-18.75	32.25	15	1300,0
9	-17.75	31.25	15	1300,0
9	-17.75	30.25	15	1300,0
9	-16.75	29.25	15	1300,0
9	-15.75	29.25	15	1300,0
9	-15.75	28.25	15	1300,0
9	-13.75	26.25	15	1300,0
9	-13.75	25.75	15	1300,0
9	-15.25	24.25	15	1300,0
9	-15.75	24.25	15	1300,0
9	-23.75	32.25	15	1300,0
9	-38.75	24.25	15	1350,0
9	-38.75	24.75	15	1350,0
9	-37.75	25.75	15	1350,0
9	-37.25	25.75	15	1350,0
9	-35.75	24.25	15	1350,0
9	-35.75	23.75	15	1350,0
9	-37.25	22.25	15	1350,0
9	-37.75	22.25	15	1350,0
9	-38.75	23.25	15	1350,0
9	-38.75	24.25	15	1350,0
10	-12.75	26.25	15	1300,0
10	-12.75	26.75	15	1300,0
10	-12.25	27.25	15	1300,0
10	-11.25	27.25	15	1300,0
10	-11.25	28.25	15	1300,0
10	-8.75	30.75	15	1300,0
10	-8.25	30.75	15	1300,0
10	-7.25	29.75	15	1300,0
10	-6.75	29.75	15	1300,0
10	-6.75	30.25	15	1300,0
10	-7.75	31.25	15	1300,0
10	-7.75	31.75	15	1300,0
10	-7.25	32.25	15	1300,0
10	-6.25	32.25	15	1300,0
10	-6.25	33.25	15	1300,0
10	-5.75	33.25	15	1300,0
10	-4.75	32.25	15	1300,0
10	-4.25	32.25	15	1300,0
10	-4.25	32.75	15	1300,0
10	-5.25	33.75	15	1300,0
10	-5.25	34.25	15	1300,0
10	-3.25	36.25	15	1300,0
10	-2.75	36.25	15	1300,0
10	-0.25	33.75	15	1300,0
10	-0.25	33.25	15	1300,0
10	-0.75	32.75	15	1300,0
10	-0.75	32.25	15	1300,0
10	-0.25	31.75	15	1300,0
10	-0.25	31.25	15	1300,0
10	-0.75	30.75	15	1300,0
10	-0.75	30.25	15	1300,0
10	-0.25	29.75	15	1300,0
10	0.25	29.75	15	1300,0
10	0.75	30.25	15	1300,0
10	1.25	30.25	15	1300,0
10	2.25	29.25	15	1300,0
10	2.25	27.75	15	1300,0
10	1.25	27.75	15	1300,0
10	-0.25	26.25	15	1300,0
10	-0.25	25.25	15	1300,0
10	-1.75	25.25	15	1300,0
10	-2.75	26.25	15	1300,0
10	-2.75	26.75	15	1300,0
10	-2.25	27.25	15	1300,0
10	-1.25	27.25	15	1300,0
10	-0.75	27.75	15	1300,0
10	0.25	27.75	15	1300,0
10	0.25	28.25	15	1300,0
10	-0.25	28.75	15	1300,0
10	-1.25	28.75	15	1300,0
10	-1.25	29.75	15	1300,0
10	-1.75	30.25	15	1300,0
10	-3.25	30.25	15	1300,0
10	-4.75	28.75	15	1300,0
10	-5.75	28.75	15	1300,0
10	-5.75	27.75	15	1300,0
10	-8.25	25.25	15	1300,0
10	-8.75	25.25	15	1300,0
10	-8.75	26.25	15	1300,0
10	-9.25	26.75	15	1300,0
10	-9.75	26.75	15	1300,0
10	-10.25	26.25	15	1300,0
10	-10.25	25.75	15	1300,0
10	-9.25	24.75	15	1300,0
10	-9.25	24.25	15	1300,0
10	-9.75	23.75	15	1300,0
10	-10.25	23.75	15	1300,0
10	-12.75	26.25	15	1300,0
73	-25.25	38.75	52	1300,0
73	-25.25	39.25	52	1300,0
73	-15.75	48.75	52	1300,0
73	-15.25	48.75	52	1300,0
73	-14.25	47.75	52	1300,0
73	-14.25	47.25	52	1300,0
73	-22.25	39.25	52	1300,0
73	-23.25	39.25	52	1300,0
73	-23.25	38.25	52	1300,0
73	-23.75	37.75	52	1300,0
73	-24.25	37.75	52	1300,0
73	-25.25	38.75	52	1300,0
39	-15.25	48.75	37	1300,0
39	-15.25	49.25	37	1300,0
39	-14.75	49.25	37	1300,0
39	-13.75	48.25	37	1300,0
39	-13.25	48.25	37	1300,0
39	-12.75	48.75	37	1300,0
39	-12.25	48.75	37	1300,0
39	-11.75	48.25	37	1300,0
39	-11.75	47.75	37	1300,0
39	-12.25	47.25	37	1300,0
39	-12.25	46.75	37	1300,0
39	-11.75	46.25	37	1300,0
39	-11.25	46.25	37	1300,0
39	-10.25	47.25	37	1300,0
39	-10.25	47.75	37	1300,0
39	-11.25	48.75	37	1300,0
39	-11.25	49.25	37	1300,0
39	5.25	49.25	37	1300,0
39	5.25	39.75	37	1300,0
39	4.75	39.75	37	1300,0
39	2.75	41.75	37	1300,0
39	2.75	42.25	37	1300,0
39	3.75	43.25	37	1300,0
39	3.75	44.75	37	1300,0
39	2.75	45.75	37	1300,0
39	2.25	45.75	37	1300,0
39	2.25	45.25	37	1300,0
39	2.75	44.75	37	1300,0
39	2.75	43.25	37	1300,0
39	2.25	42.75	37	1300,0
39	1.75	42.75	37	1300,0
39	1.25	43.25	37	1300,0
39	0.75	43.25	37	1300,0
39	0.25	42.75	37	1300,0
39	0.25	41.75	37	1300,0
39	-0.25	41.25	37	1300,0
39	-0.75	41.25	37	1300,0
39	-1.75	42.25	37	1300,0
39	-2.25	42.25	37	1300,0
39	-2.25	40.75	37	1300,0
39	-0.75	39.25	37	1300,0
39	-0.75	38.75	37	1300,0
39	-2.25	37.25	37	1300,0
39	-2.75	37.25	37	1300,0
39	-3.75	38.25	37	1300,0
39	-4.25	38.25	37	1300,0
39	-4.25	37.75	37	1300,0
39	-3.75	37.25	37	1300,0
39	-3.75	36.75	37	1300,0
39	-4.25	36.75	37	1300,0
39	-5.75	38.25	37	1300,0
39	-6.25	38.25	37	1300,0
39	-6.25	37.75	37	1300,0
39	-5.75	37.25	37	1300,0
39	-5.75	36.75	37	1300,0
39	-6.75	35.75	37	1300,0
39	-8.25	35.75	37	1300,0
39	-8.75	36.25	37	1300,0
39	-9.25	36.25	37	1300,0
39	-9.25	35.25	37	1300,0
39	-10.25	35.25	37	1300,0
39	-10.25	34.25	37	1300,0
39	-10.75	33.75	37	1300,0
39	-11.25	33.75	37	1300,0
39	-11.25	34.75	37	1300,0
39	-11.75	35.25	37	1300,0
39	-11.75	37.25	37	1300,0
39	-12.25	37.75	37	1300,0
39	-12.75	37.75	37	1300,0
39	-13.25	37.25	37	1300,0
39	-13.25	36.75	37	1300,0
39	-12.75	36.25	37	1300,0
39	-12.75	35.75	37	1300,0
39	-13.25	35.75	37	1300,0
39	-14.25	36.75	37	1300,0
39	-14.25	37.25	37	1300,0
39	-13.75	37.75	37	1300,0
39	-13.75	39.25	37	1300,0
39	-14.75	40.25	37	1300,0
39	-14.75	40.75	37	1300,0
39	-13.75	41.75	37	1300,0
39	-13.75	42.25	37	1300,0
39	-14.75	43.25	37	1300,0
39	-14.75	43.75	37	1300,0
39	-12.75	45.75	37	1300,0
39	-12.75	46.25	37	1300,0
39	-15.25	48.75	37	1300,0
39	-13.25	0.75	37	1300,50
39	-13.25	1.25	37	1300,50
39	-11.25	3.25	37	1300,50
39	-10.75	3.25	37	1300,50
39	-10.75	2.25	37	1300,50
39	-10.25	2.25	37	1300,50
39	-9.75	2.75	37	1300,50
39	-9.25	2.75	37	1300,50
39	-7.25	0.75	37	1300,50
39	-5.75	0.75	37	1300,50
39	-5.25	1.25	37	1300,50
39	-5.25	3.25	37	1300,50
39	-4.25	3.25	37	1300,50
39	-3.25	4.25	37	1300,50
39	-3.25	5.25	37	1300,50
39	-2.75	5.75	37	1300,50
39	-1.75	5.75	37	1300,50
39	-0.75	6.75	37	1300,50
39	-0.75	7.75	37	1300,50
39	0.75	9.25	37	1300,50
39	1.75	9.25	37	1300,50
39	2.25	9.75	37	1300,50
39	2.25	10.25	37	1300,50
39	-0.75	13.25	37	1300,50
39	-0.75	13.75	37	1300,50
39	4.75	19.25	37	1300,50
39	5.25	19.25	37	1300,50
39	5.25	11.75	37	1300,50
39	3.75	10.25	37	1300,50
39	3.75	9.75	37	1300,50
39	5.25	8.25	37	1300,50
39	5.25	-0.25	37	1300,50
39	4.75	-0.75	37	1300,50
39	-11.75	-0.75	37	1300,50
39	-13.25	0.75	37	1300,50
39	-44.75	19.25	37	1350,50
39	-44.75	19.75	37	1350,50
39	-44.25	20.25	37	1350,50
39	-43.75	20.25	37	1350,50
39	-42.75	19.25	37	1350,50
39	-42.25	19.25	37	1350,50
39	-41.75	19.75	37	1350,50
39	-41.25	19.75	37	1350,50
39	-40.75	19.25	37	1350,50
39	-40.75	18.75	37	1350,50
39	-41.25	18.25	37	1350,50
39	-41.25	17.75	37	1350,50
39	-40.75	17.75	37	1350,50
39	-39.75	18.75	37	1350,50
39	-38.75	18.75	37	1350,50
39	-37.25	20.25	37	1350,50
39	-37.25	21.75	37	1350,50
39	-39.75	24.25	37	1350,50
39	-39.75	24.75	37	1350,50
39	-34.75	29.75	37	1350,50
39	-34.25	29.75	37	1350,50
39	-34.25	28.75	37	1350,50
39	-30.75	25.25	37	1350,50
39	-30.75	24.75	37	1350,50
39	-31.25	24.25	37	1350,50
39	-31.25	23.75	37	1350,50
39	-30.25	22.75	37	1350,50
39	-30.25	22.25	37	1350,50
39	-30.75	22.25	37	1350,50
39	-31.75	23.25	37	1350,50
39	-32.25	23.25	37	1350,50
39	-32.25	22.75	37	1350,50
39	-31.25	21.75	37	1350,50
39	-31.25	21.25	37	1350,50
39	-31.75	20.75	37	1350,50
39	-32.25	20.75	37	1350,50
39	-33.75	22.25	37	1350,50
39	-34.25	22.25	37	1350,50
39	-35.75	20.75	37	1350,50
39	-35.75	20.25	37	1350,50
39	-33.75	18.25	37	1350,50
39	-33.75	17.25	37	1350,50
39	-32.75	16.25	37	1350,50
39	-31.25	16.25	37	1350,50
39	-29.75	17.75	37	1350,50
39	-26.75	17.75	37	1350,50
39	-26.75	18.25	37	1350,50
39	-27.25	18.75	37	1350,50
39	-28.25	18.75	37	1350,50
39	-28.25	20.25	37	1350,50
39	-27.75	20.25	37	1350,50
39	-26.25	18.75	37	1350,50
39	-25.75	18.75	37	1350,50
39	-25.25	19.25	37	1350,50
39	-24.75	19.25	37	1350,50
39	-14.25	8.75	37	1350,50
39	-14.25	8.25	37	1350,50
39	-14.75	7.75	37	1350,50
39	-15.25	7.75	37	1350,50
39	-16.25	8.75	37	1350,50
39	-16.75	8.75	37	1350,50
39	-17.25	8.25	37	1350,50
39	-17.25	7.25	37	1350,50
39	-17.75	6.75	37	1350,50
39	-18.25	6.75	37	1350,50
39	-20.25	8.75	37	1350,50
39	-20.75	8.75	37	1350,50
39	-22.25	7.25	37	1350,50
39	-22.75	7.25	37	1350,50
39	-24.25	8.75	37	1350,50
39	-24.25	9.25	37	1350,50
39	-22.75	10.75	37	1350,50
39	-22.75	11.25	37	1350,50
39	-23.75	11.25	37	1350,50
39	-25.25	12.75	37	1350,50
39	-25.75	12.75	37	1350,50
39	-25.75	12.25	37	1350,50
39	-24.25	10.75	37	1350,50
39	-24.25	10.25	37	1350,50
39	-25.25	9.25	37	1350,50
39	-25.25	8.25	37	1350,50
39	-26.25	7.25	37	1350,50
39	-26.25	6.75	37	1350,50
39	-25.75	6.75	37	1350,50
39	-24.75	7.75	37	1350,50
39	-24.25	7.75	37	1350,50
39	-23.75	7.25	37	1350,50
39	-23.75	6.75	37	1350,50
39	-24.75	5.75	37	1350,50
39	-24.75	5.25	37	1350,50
39	-24.25	5.25	37	1350,50
39	-23.25	6.25	37	1350,50
39	-22.75	6.25	37	1350,50
39	-20.75	4.25	37	1350,50
39	-20.75	3.75	37	1350,50
39	-21.75	2.75	37	1350,50
39	-21.75	2.25	37	1350,50
39	-21.25	1.75	37	1350,50
39	-20.75	1.75	37	1350,50
39	-20.25	2.25	37	1350,50
39	-18.75	2.25	37	1350,50
39	-17.75	1.25	37	1350,50
39	-17.75	0.75	37	1350,50
39	-19.25	-0.75	37	1350,50
39	-20.75	-0.75	37	1350,50
39	-27.75	6.25	37	1350,50
39	-29.75	6.25	37	1350,50
39	-31.25	7.75	37	1350,50
39	-31.75	7.75	37	1350,50
39	-32.25	7.25	37	1350,50
39	-32.25	6.75	37	1350,50
39	-30.75	5.25	37	1350,50
39	-30.75	4.25	37	1350,50
39	-30.25	3.75	37	1350,50
39	-30.25	3.25	37	1350,50
39	-30.75	2.75	37	1350,50
39	-32.25	2.75	37	1350,50
39	-32.75	3.25	37	1350,50
39	-33.25	3.25	37	1350,50
39	-34.25	2.25	37	1350,50
39	-34.75	2.25	37	1350,50
39	-35.75	3.25	37	1350,50
39	-36.25	3.25	37	1350,50
39	-37.75	1.75	37	1350,50
39	-38.25	1.75	37	1350,50
39	-38.75	2.25	37	1350,50
39	-39.25	2.25	37	1350,50
39	-39.25	1.75	37	1350,50
39	-37.25	-0.25	37	1350,50
39	-37.25	-0.75	37	1350,50
39	-44.75	-0.75	37	1350,50
39	-44.75	7.75	37	1350,50
39	-44.25	7.75	37	1350,50
39	-42.75	6.25	37	1350,50
39	-42.25	6.25	37	1350,50
39	-40.75	7.75	37	1350,50
39	-40.75	8.25	37	1350,50
39	-41.75	9.25	37	1350,50
39	-42.25	9.25	37	1350,50
39	-42.75	8.75	37	1350,50
39	-43.25	8.75	37	1350,50
39	-43.25	10.75	37	1350,50
39	-43.75	11.25	37	1350,50
39	-44.75	11.25	37	1350,50
39	-44.75	19.25	37	1350,50
39	-44.75	48.25	37	1350,0
39	-44.75	48.75	37	1350,0
39	-44.25	49.25	37	1350,0
39	-36.75	49.25	37	1350,0
39	-35.75	48.25	37	1350,0
39	-35.75	47.75	37	1350,0
39	-40.25	43.25	37	1350,0
39	-40.25	42.75	37	1350,0
39	-39.75	42.75	37	1350,0
39	-38.25	44.25	37	1350,0
39	-37.75	44.25	37	1350,0
39	-37.75	42.75	37	1350,0
39	-38.25	42.25	37	1350,0
39	-39.25	42.25	37	1350,0
39	-39.25	41.75	37	1350,0
39	-38.75	41.25	37	1350,0
39	-38.25	41.25	37	1350,0
39	-33.75	45.75	37	1350,0
39	-33.25	45.75	37	1350,0
39	-31.25	43.75	37	1350,0
39	-31.25	43.25	37	1350,0
39	-31.75	42.75	37	1350,0
39	-33.75	42.75	37	1350,0
39	-35.25	41.25	37	1350,0
39	-35.25	40.75	37	1350,0
39	-34.75	40.25	37	1350,0
39	-34.75	39.75	37	1350,0
39	-35.25	39.25	37	1350,0
39	-37.25	39.25	37	1350,0
39	-37.25	38.75	37	1350,0
39	-36.75	38.25	37	1350,0
39	-35.75	38.25	37	1350,0
39	-35.25	37.75	37	1350,0
39	-34.75	37.75	37	1350,0
39	-33.25	39.25	37	1350,0
39	-33.25	40.25	37	1350,0
39	-32.25	40.25	37	1350,0
39	-31.75	40.75	37	1350,0
39	-30.75	40.75	37	1350,0
39	-29.75	41.75	37	1350,0
39	-29.25	41.75	37	1350,0
39	-28.25	40.75	37	1350,0
39	-28.25	40.25	37	1350,0
39	-29.25	39.25	37	1350,0
39	-29.25	38.75	37	1350,0
39	-28.75	38.75	37	1350,0
39	-27.75	39.75	37	1350,0
39	-27.25	39.75	37	1350,0
39	-27.25	39.25	37	1350,0
39	-29.25	37.25	37	1350,0
39	-29.75	37.25	37	1350,0
39	-29.75	38.25	37	1350,0
39	-30.25	38.25	37	1350,0
39	-32.75	35.75	37	1350,0
39	-32.75	34.25	37	1350,0
39	-31.75	34.25	37	1350,0
39	-31.25	33.75	37	1350,0
39	-31.25	32.75	37	1350,0
39	-30.25	32.75	37	1350,0
39	-28.75	31.25	37	1350,0
39	-28.75	30.25	37	1350,0
39	-28.25	30.25	37	1350,0
39	-27.75	30.75	37	1350,0
39	-27.75	31.75	37	1350,0
39	-27.25	32.25	37	1350,0
39	-26.75	32.25	37	1350,0
39	-26.75	31.25	37	1350,0
39	-26.25	30.75	37	1350,0
39	-26.25	30.25	37	1350,0
39	-29.75	26.75	37	1350,0
39	-30.25	26.75	37	1350,0
39	-30.75	27.25	37	1350,0
39	-30.75	27.75	37	1350,0
39	-30.25	28.25	37	1350,0
39	-30.25	28.75	37	1350,0
39	-32.25	28.75	37	1350,0
39	-33.25	29.75	37	1350,0
39	-33.25	30.25	37	1350,0
39	-32.75	30.75	37	1350,0
39	-32.75	31.25	37	1350,0
39	-33.75	31.25	37	1350,0
39	-34.25	31.75	37	1350,0
39	-34.25	32.75	37	1350,0
39	-34.75	32.75	37	1350,0
39	-35.25	32.25	37	1350,0
39	-36.25	32.25	37	1350,0
39	-36.75	31.75	37	1350,0
39	-37.25	31.75	37	1350,0
39	-38.75	33.25	37	1350,0
39	-39.25	33.25	37	1350,0
39	-40.75	31.75	37	1350,0
39	-41.25	31.75	37	1350,0
39	-41.25	32.25	37	1350,0
39	-40.75	32.75	37	1350,0
39	-40.75	33.75	37	1350,0
39	-39.75	33.75	37	1350,0
39	-39.75	34.25	37	1350,0
39	-42.25	36.75	37	1350,0
39	-42.25	37.25	37	1350,0
39	-41.25	38.25	37	1350,0
39	-41.25	39.75	37	1350,0
39	-41.75	40.25	37	1350,0
39	-43.25	40.25	37	1350,0
39	-44.25	39.25	37	1350,0
39	-44.75	39.25	37	1350,0
39	-44.75	48.25	37	1350,0
40	-10.75	45.25	37	1300,0
40	-10.75	45.75	37	1300,0
40	-9.25	47.25	37	1300,0
40	-8.75	47.25	37	1300,0
40	-3.25	41.75	37	1300,0
40	-3.25	41.25	37	1300,0
40	-3.75	40.75	37	1300,0
40	-3.75	40.25	37	1300,0
40	-3.25	39.75	37	1300,0
40	-3.25	39.25	37	1300,0
40	-3.75	39.25	37	1300,0
40	-4.25	39.75	37	1300,0
40	-5.25	39.75	37	1300,0
40	-5.25	40.75	37	1300,0
40	-6.25	41.75	37	1300,0
40	-6.75	41.75	37	1300,0
40	-7.25	41.25	37	1300,0
40	-7.75	41.25	37	1300,0
40	-8.75	42.25	37	1300,0
40	-8.75	43.25	37	1300,0
40	-10.75	45.25	37	1300,0
40	-17.75	-0.75	37	1350,50
40	-17.75	-0.25	37	1350,50
40	-17.25	0.25	37	1350,50
40	-16.75	0.25	37	1350,50
40	-16.75	-0.25	37	1350,50
40	-17.25	-0.75	37	1350,50
40	-17.75	-0.75	37	1350,50
40	-21.75	48.25	37	1350,0
40	-21.75	48.75	37	1350,0
40	-21.25	49.25	37	1350,0
40	-20.75	49.25	37	1350,0
40	-20.75	48.75	37	1350,0
40	-21.25	48.25	37	1350,0
40	-21.75	48.25	37	1350,0
118	-14.75	-0.75	80	1300,50
118	-14.75	-0.25	80	1300,50
118	-13.75	0.75	80	1300,50
118	-13.25	0.75	80	1300,50
118	-12.25	-0.25	80	1300,50
118	-12.25	-0.75	80	1300,50
118	-14.75	-0.75	80	1300,50
118	-14.25	48.75	80	1300,0
118	-14.25	49.25	80	1300,0
118	-12.75	49.25	80	1300,0
118	-12.75	48.75	80	1300,0
118	-13.25	48.25	80	1300,0
118	-13.75	48.25	80	1300,0
118	-14.25	48.75	80	1300,0
77	-10.75	3.25	56	1300,50
77	-10.75	3.75	56	1300,50
77	-10.25	4.25	56	1300,50
77	-9.75	4.25	56	1300,50
77	-8.75	3.25	56	1300,50
77	-8.25	3.25	56	1300,50
77	-7.25	4.25	56	1300,50
77	-7.25	5.25	56	1300,50
77	-6.25	5.25	56	1300,50
77	0.25	11.75	56	1300,50
77	0.75	11.75	56	1300,50
77	2.25	10.25	56	1300,50
77	2.25	9.75	56	1300,50
77	1.75	9.25	56	1300,50
77	0.75	9.25	56	1300,50
77	-0.75	7.75	56	1300,50
77	-0.75	6.75	56	1300,50
77	-1.75	5.75	56	1300,50
77	-2.75	5.75	56	1300,50
77	-3.25	5.25	56	1300,50
77	-3.25	4.25	56	1300,50
77	-4.25	3.25	56	1300,50
77	-5.25	3.25	56	1300,50
77	-5.25	1.25	56	1300,50
77	-5.75	0.75	56	1300,50
77	-7.25	0.75	56	1300,50
77	-9.25	2.75	56	1300,50
77	-9.75	2.75	56	1300,50
77	-10.25	2.25	56	1300,50
77	-10.75	2.25	56	1300,50
77	-10.75	3.25	56	1300,50
109	-9.75	4.25	72	1300,50
109	-9.75	4.75	72	1300,50
109	-1.25	13.25	72	1300,50
109	-0.75	13.25	72	1300,50
109	0.25	12.25	72	1300,50
109	0.25	11.75	72	1300,50
109	-6.25	5.25	72	1300,50
109	-7.25	5.25	72	1300,50
109	-7.25	4.25	72	1300,50
109	-8.25	3.25	72	1300,50
109	-8.75	3.25	72	1300,50
109	-9.75	4.25	72	1300,50
3	-43.75	20.25	10	1350,50
3	-43.75	20.75	10	1350,50
3	-40.25	24.25	10	1350,50
3	-39.75	24.25	10	1350,50
3	-37.25	21.75	10	1350,50
3	-37.25	20.25	10	1350,50
3	-38.75	18.75	10	1350,50
3	-39.75	18.75	10	1350,50
3	-40.75	17.75	10	1350,50
3	-41.25	17.75	10	1350,50
3	-41.25	18.25	10	1350,50
3	-40.75	18.75	10	1350,50
3	-40.75	19.25	10	1350,50
3	-41.25	19.75	10	1350,50
3	-41.75	19.75	10	1350,50
3	-42.25	19.25	10	1350,50
3	-42.75	19.25	10	1350,50
3	-43.75	20.25	10	1350,50
119	-12.25	49.25	80	1300,0
119	-12.25	48.75	80	1300,0
119	-11.75	48.25	80	1300,0
119	-11.75	47.75	80	1300,0
119	-12.25	47.25	80	1300,0
119	-12.25	46.75	80	1300,0
119	-11.75	46.25	80	1300,0
119	-11.25	46.25	80	1300,0
119	-10.25	47.25	80	1300,0
119	-10.25	47.75	80	1300,0
119	-11.75	49.25	80	1300,0
119	-12.25	49.25	80	1300,0
92	-34.25	28.75	6	1350,50
92	-34.25	29.25	6	1350,50
92	-33.75	29.25	6	1350,50
92	-5.75	1.25	6	1350,50
92	-5.75	0.75	6	1350,50
92	-6.25	0.75	6	1350,50
92	-24.75	19.25	6	1350,50
92	-25.25	19.25	6	1350,50
92	-25.75	18.75	6	1350,50
92	-26.25	18.75	6	1350,50
92	-27.75	20.25	6	1350,50
92	-28.25	20.25	6	1350,50
92	-28.25	18.75	6	1350,50
92	-27.25	18.75	6	1350,50
92	-26.75	18.25	6	1350,50
92	-26.75	17.75	6	1350,50
92	-29.75	17.75	6	1350,50
92	-31.25	16.25	6	1350,50
92	-32.75	16.25	6	1350,50
92	-33.75	17.25	6	1350,50
92	-33.75	18.25	6	1350,50
92	-35.75	20.25	6	1350,50
92	-35.75	20.75	6	1350,50
92	-34.25	22.25	6	1350,50
92	-33.75	22.25	6	1350,50
92	-32.25	20.75	6	1350,50
92	-31.75	20.75	6	1350,50
92	-31.25	21.25	6	1350,50
92	-31.25	21.75	6	1350,50
92	-32.25	22.75	6	1350,50
92	-32.25	23.25	6	1350,50
92	-31.75	23.25	6	1350,50
92	-30.75	22.25	6	1350,50
92	-30.25	22.25	6	1350,50
92	-30.25	22.75	6	1350,50
92	-31.25	23.75	6	1350,50
92	-31.25	24.25	6	1350,50
92	-30.75	24.75	6	1350,50
92	-30.75	25.25	6	1350,50
92	-34.25	28.75	6	1350,50
105	-23.25	38.75	69	1300,0
105	-23.25	39.25	69	1300,0
105	-22.25	39.25	69	1300,0
105	-14.25	47.25	69	1300,0
105	-13.75	47.25	69	1300,0
105	-12.75	46.25	69	1300,0
105	-12.75	45.75	69	1300,0
105	-15.25	43.25	69	1300,0
105	-15.25	42.25	69	1300,0
105	-15.75	41.75	69	1300,0
105	-15.75	40.75	69	1300,0
105	-16.25	40.25	69	1300,0
105	-17.25	40.25	69	1300,0
105	-21.75	35.75	69	1300,0
105	-22.25	35.75	69	1300,0
105	-23.75	37.25	69	1300,0
105	-23.75	37.75	69	1300,0
105	-23.25	38.25	69	1300,0
105	-23.25	38.75	69	1300,0
35	-39.75	19.25	33	1300,0
35	-39.75	19.75	33	1300,0
35	-39.25	19.75	33	1300,0
35	-38.75	19.25	33	1300,0
35	-38.25	19.25	33	1300,0
35	-37.75	19.75	33	1300,0
35	-37.75	20.75	33	1300,0
35	-36.75	20.75	33	1300,0
35	-35.75	21.75	33	1300,0
35	-34.75	21.75	33	1300,0
35	-33.25	23.25	33	1300,0
35	-32.75	23.25	33	1300,0
35	-31.75	22.25	33	1300,0
35	-31.75	21.75	33	1300,0
35	-32.75	20.75	33	1300,0
35	-34.75	20.75	33	1300,0
35	-34.75	20.25	33	1300,0
35	-31.75	17.25	33	1300,0
35	-31.75	16.75	33	1300,0
35	-32.25	16.25	33	1300,0
35	-32.75	16.25	33	1300,0
35	-33.75	17.25	33	1300,0
35	-35.25	17.25	33	1300,0
35	-35.75	16.75	33	1300,0
35	-36.25	16.75	33	1300,0
35	-37.75	18.25	33	1300,0
35	-38.25	18.25	33	1300,0
35	-38.25	16.75	33	1300,0
35	-37.25	15.75	33	1300,0
35	-37.25	14.75	33	1300,0
35	-36.75	14.25	33	1300,0
35	-35.75	14.25	33	1300,0
35	-35.25	13.75	33	1300,0
35	-35.25	12.75	33	1300,0
35	-34.75	12.25	33	1300,0
35	-33.75	12.25	33	1300,0
35	-33.25	11.75	33	1300,0
35	-32.25	11.75	33	1300,0
35	-29.75	9.25	33	1300,0
35	-29.75	8.75	33	1300,0
35	-30.75	8.75	33	1300,0
35	-31.75	7.75	33	1300,0
35	-32.25	7.75	33	1300,0
35	-33.75	9.25	33	1300,0
35	-34.75	9.25	33	1300,0
35	-35.25	9.75	33	1300,0
35	-35.75	9.75	33	1300,0
35	-35.75	7.75	33	1300,0
35	-37.75	7.75	33	1300,0
35	-37.75	5.75	33	1300,0
35	-38.25	5.75	33	1300,0
35	-38.75	6.25	33	1300,0
35	-39.25	6.25	33	1300,0
35	-39.25	5.75	33	1300,0
35	-38.25	4.75	33	1300,0
35	-38.25	4.25	33	1300,0
35	-39.75	2.75	33	1300,0
35	-41.25	2.75	33	1300,0
35	-43.25	4.75	33	1300,0
35	-43.25	5.25	33	1300,0
35	-41.25	7.25	33	1300,0
35	-41.25	7.75	33	1300,0
35	-45.25	11.75	33	1300,0
35	-45.25	13.25	33	1300,0
35	-44.75	13.75	33	1300,0
35	-43.75	13.75	33	1300,0
35	-39.75	17.75	33	1300,0
35	-39.75	19.25	33	1300,0
35	3.75	11.75	33	1250,0
35	3.75	12.25	33	1250,0
35	4.25	12.25	33	1250,0
35	4.75	11.75	33	1250,0
35	4.75	11.25	33	1250,0
35	4.25	11.25	33	1250,0
35	3.75	11.75	33	1250,0
117	-33.75	24.25	8	1300,0
117	-33.75	24.75	8	1300,0
117	-33.25	24.75	8	1300,0
117	-32.75	24.25	8	1300,0
117	-32.25	24.25	8	1300,0
117	-31.75	24.75	8	1300,0
117	-31.25	24.75	8	1300,0
117	-18.75	12.25	8	1300,0
117	-18.75	11.75	8	1300,0
117	-19.25	11.25	8	1300,0
117	-19.75	11.25	8	1300,0
117	-20.25	11.75	8	1300,0
117	-21.75	11.75	8	1300,0
117	-23.25	10.25	8	1300,0
117	-24.25	10.25	8	1300,0
117	-24.25	9.25	8	1300,0
117	-24.75	8.75	8	1300,0
117	-25.75	8.75	8	1300,0
117	-25.75	7.75	8	1300,0
117	-26.75	7.75	8	1300,0
117	-27.75	6.75	8	1300,0
117	-27.75	5.75	8	1300,0
117	-28.75	4.75	8	1300,0
117	-29.75	4.75	8	1300,0
117	-30.25	4.25	8	1300,0
117	-30.75	4.25	8	1300,0
117	-31.25	4.75	8	1300,0
117	-31.75	4.75	8	1300,0
117	-32.25	4.25	8	1300,0
117	-32.25	3.25	8	1300,0
117	-32.75	2.75	8	1300,0
117	-33.25	2.75	8	1300,0
117	-34.25	3.75	8	1300,0
117	-34.25	4.25	8	1300,0
117	-31.75	6.75	8	1300,0
117	-31.75	7.75	8	1300,0
117	-30.75	8.75	8	1300,0
117	-29.75	8.75	8	1300,0
117	-29.75	9.25	8	1300,0
117	-32.25	11.75	8	1300,0
117	-33.25	11.75	8	1300,0
117	-33.75	12.25	8	1300,0
117	-34.75	12.25	8	1300,0
117	-35.25	12.75	8	1300,0
117	-35.25	13.75	8	1300,0
117	-35.75	14.25	8	1300,0
117	-36.75	14.25	8	1300,0
117	-37.25	14.75	8	1300,0
117	-37.25	15.75	8	1300,0
117	-38.25	16.75	8	1300,0
117	-38.25	18.25	8	1300,0
117	-37.75	18.25	8	1300,0
117	-36.25	16.75	8	1300,0
117	-35.75	16.75	8	1300,0
117	-35.25	17.25	8	1300,0
117	-33.75	17.25	8	1300,0
117	-32.75	16.25	8	1300,0
117	-32.25	16.25	8	1300,0
117	-31.75	16.75	8	1300,0
117	-31.75	17.25	8	1300,0
117	-34.75	20.25	8	1300,0
117	-34.75	20.75	8	1300,0
117	-32.75	20.75	8	1300,0
117	-31.75	21.75	8	1300,0
117	-31.75	22.25	8	1300,0
117	-32.75	23.25	8	1300,0
117	-33.75	23.25	8	1300,0
117	-33.75	24.25	8	1300,0
122	-6.25	0.75	83	1250,0
122	-6.25	1.25	83	1250,0
122	-4.75	2.75	83	1250,0
122	-3.75	2.75	83	1250,0
122	-3.25	3.25	83	1250,0
122	-1.75	3.25	83	1250,0
122	-1.25	2.75	83	1250,0
122	0.25	2.75	83	1250,0
122	0.75	3.25	83	1250,0
122	2.25	3.25	83	1250,0
122	2.75	2.75	83	1250,0
122	4.75	2.75	83	1250,0
122	4.75	1.25	83	1250,0
122	4.25	0.75	83	1250,0
122	-4.25	0.75	83	1250,0
122	-4.75	1.25	83	1250,0
122	-5.25	1.25	83	1250,0
122	-5.75	0.75	83	1250,0
122	-6.25	0.75	83	1250,0
122	-45.25	2.75	83	1300,0
122	-45.25	3.25	83	1300,0
122	-44.75	3.75	83	1300,0
122	-44.25	3.75	83	1300,0
122	-43.75	3.25	83	1300,0
122	-42.75	3.25	83	1300,0
122	-41.25	1.75	83	1300,0
122	-39.25	1.75	83	1300,0
122	-38.75	1.25	83	1300,0
122	-38.75	0.75	83	1300,0
122	-45.25	0.75	83	1300,0
122	-45.25	2.75	83	1300,0
106	-4.25	2.75	7	1250,0
106	-4.25	3.25	7	1250,0
106	1.75	9.25	7	1250,0
106	2.25	9.25	7	1250,0
106	2.25	8.25	7	1250,0
106	4.75	5.75	7	1250,0
106	4.75	3.25	7	1250,0
106	4.25	2.75	7	1250,0
106	2.75	2.75	7	1250,0
106	2.25	3.25	7	1250,0
106	0.75	3.25	7	1250,0
106	0.25	2.75	7	1250,0
106	-1.25	2.75	7	1250,0
106	-1.75	3.25	7	1250,0
106	-3.25	3.25	7	1250,0
106	-3.75	2.75	7	1250,0
106	-4.25	2.75	7	1250,0
106	-45.25	4.75	7	1300,0
106	-45.25	5.25	7	1300,0
106	-44.75	5.25	7	1300,0
106	-44.25	4.75	7	1300,0
106	-43.25	4.75	7	1300,0
106	-41.25	2.75	7	1300,0
106	-39.75	2.75	7	1300,0
106	-38.25	4.25	7	1300,0
106	-38.25	4.75	7	1300,0
106	-39.25	5.75	7	1300,0
106	-39.25	6.25	7	1300,0
106	-38.75	6.25	7	1300,0
106	-38.25	5.75	7	1300,0
106	-37.75	5.75	7	1300,0
106	-37.75	7.75	7	1300,0
106	-35.75	7.75	7	1300,0
106	-35.75	9.75	7	1300,0
106	-35.25	9.75	7	1300,0
106	-34.75	9.25	7	1300,0
106	-33.75	9.25	7	1300,0
106	-31.75	7.25	7	1300,0
106	-31.75	6.75	7	1300,0
106	-34.25	4.25	7	1300,0
106	-34.25	3.75	7	1300,0
106	-33.25	2.75	7	1300,0
106	-32.75	2.75	7	1300,0
106	-32.25	3.25	7	1300,0
106	-32.25	4.25	7	1300,0
106	-31.75	4.75	7	1300,0
106	-31.25	4.75	7	1300,0
106	-30.75	4.25	7	1300,0
106	-30.25	4.25	7	1300,0
106	-29.75	4.75	7	1300,0
106	-28.75	4.75	7	1300,0
106	-27.75	5.75	7	1300,0
106	-27.75	6.75	7	1300,0
106	-26.75	7.75	7	1300,0
106	-25.75	7.75	7	1300,0
106	-25.75	8.75	7	1300,0
106	-24.75	8.75	7	1300,0
106	-24.25	9.25	7	1300,0
106	-24.25	10.25	7	1300,0
106	-23.25	10.25	7	1300,0
106	-21.75	11.75	7	1300,0
106	-21.25	11.75	7	1300,0
106	-21.25	11.25	7	1300,0
106	-30.75	1.75	7	1300,0
106	-32.75	1.75	7	1300,0
106	-33.75	0.75	7	1300,0
106	-38.25	0.75	7	1300,0
106	-39.25	1.75	7	1300,0
106	-41.25	1.75	7	1300,0
106	-42.75	3.25	7	1300,0
106	-43.75	3.25	7	1300,0
106	-44.25	3.75	7	1300,0
106	-45.25	3.75	7	1300,0
106	-45.25	4.75	7	1300,0
81	-30.75	25.25	59	1300,0
81	-30.75	25.75	59	1300,0
81	-30.25	25.75	59	1300,0
81	-30.25	25.25	59	1300,0
81	-30.75	25.25	59	1300,0
84	-25.25	19.75	59	1300,0
84	-25.25	20.25	59	1300,0
84	-24.75	20.25	59	1300,0
84	-24.75	19.75	59	1300,0
84	-25.25	19.75	59	1300,0
85	-22.25	16.75	59	1300,0
85	-22.25	17.25	59	1300,0
85	-21.75	17.25	59	1300,0
85	-21.75	16.75	59	1300,0
85	-22.25	16.75	59	1300,0
86	-18.75	13.25	59	1300,0
86	-18.75	13.75	59	1300,0
86	-18.25	13.75	59	1300,0
86	-18.25	13.25	59	1300,0
86	-18.75	13.25	59	1300,0
87	-17.75	12.25	59	1300,0
87	-17.75	12.75	59	1300,0
87	-17.25	12.75	59	1300,0
87	-17.25	12.25	59	1300,0
87	-17.75	12.25	59	1300,0
88	-12.25	6.75	59	1300,0
88	-12.25	7.25	59	1300,0
88	-11.75	7.25	59	1300,0
88	-11.25	6.75	59	1300,0
88	-11.25	6.25	59	1300,0
88	-11.75	6.25	59	1300,0
88	-12.25	6.75	59	1300,0
89	-10.25	4.75	59	1300,0
89	-10.25	5.25	59	1300,0
89	-9.75	5.25	59	1300,0
89	-9.75	4.75	59	1300,0
89	-10.25	4.75	59	1300,0
90	-9.25	3.75	59	1300,0
90	-9.25	4.25	59	1300,0
90	-8.75	4.25	59	1300,0
90	-8.25	3.75	59	1300,0
90	-8.25	3.25	59	1300,0
90	-8.75	3.25	59	1300,0
90	-9.25	3.75	59	1300,0
91	-7.75	2.25	59	1300,0
91	-7.75	2.75	59	1300,0
91	-7.25	2.75	59	1300,0
91	-7.25	2.25	59	1300,0
91	-7.75	2.25	59	1300,0
82	-6.75	1.25	59	1300,0
82	-6.75	1.75	59	1300,0
82	-6.25	1.75	59	1300,0
82	-6.25	1.25	59	1300,0
82	-6.75	1.25	59	1300,0
83	-5.75	0.25	59	1300,0
83	-5.75	0.75	59	1300,0
83	-5.25	0.75	59	1300,0
83	-5.25	0.25	59	1300,0
83	-5.75	0.25	59	1300,0
11	-23.75	32.25	16	1300,0
11	-23.75	32.75	16	1300,0
11	-22.75	33.75	16	1300,0
11	-21.75	33.75	16	1300,0
11	-21.25	34.25	16	1300,0
11	-20.75	34.25	16	1300,0
11	-20.25	33.75	16	1300,0
11	-20.25	32.75	16	1300,0
11	-19.75	32.25	16	1300,0
11	-18.75	32.25	16	1300,0
11	-17.75	31.25	16	1300,0
11	-17.75	30.25	16	1300,0
11	-16.75	29.25	16	1300,0
11	-15.75	29.25	16	1300,0
11	-15.75	28.25	16	1300,0
11	-13.75	26.25	16	1300,0
11	-13.75	25.75	16	1300,0
11	-15.25	24.25	16	1300,0
11	-15.75	24.25	16	1300,0
11	-23.75	32.25	16	1300,0
61	-10.75	45.25	43	1300,0
61	-10.75	45.75	43	1300,0
61	-9.25	47.25	43	1300,0
61	-8.75	47.25	43	1300,0
61	-3.25	41.75	43	1300,0
61	-3.25	41.25	43	1300,0
61	-3.75	40.75	43	1300,0
61	-3.75	40.25	43	1300,0
61	-3.25	39.75	43	1300,0
61	-3.25	39.25	43	1300,0
61	-3.75	39.25	43	1300,0
61	-4.25	39.75	43	1300,0
61	-5.25	39.75	43	1300,0
61	-5.25	40.75	43	1300,0
61	-6.25	41.75	43	1300,0
61	-6.75	41.75	43	1300,0
61	-7.25	41.25	43	1300,0
61	-7.75	41.25	43	1300,0
61	-8.75	42.25	43	1300,0
61	-8.75	43.25	43	1300,0
61	-10.75	45.25	43	1300,0
112	3.75	9.75	75	1300,50
112	3.75	10.25	75	1300,50
112	4.75	11.25	75	1300,50
112	5.25	11.25	75	1300,50
112	5.25	8.75	75	1300,50
112	4.75	8.75	75	1300,50
112	3.75	9.75	75	1300,50
112	-44.75	10.25	75	1350,50
112	-44.75	10.75	75	1350,50
112	-44.25	11.25	75	1350,50
112	-43.75	11.25	75	1350,50
112	-43.25	10.75	75	1350,50
112	-43.25	8.75	75	1350,50
112	-42.75	8.75	75	1350,50
112	-42.25	9.25	75	1350,50
112	-41.75	9.25	75	1350,50
112	-40.75	8.25	75	1350,50
112	-40.75	7.75	75	1350,50
112	-42.25	6.25	75	1350,50
112	-42.75	6.25	75	1350,50
112	-44.75	8.25	75	1350,50
112	-44.75	10.25	75	1350,50
41	-20.25	49.25	37	1350,0
41	-20.25	48.75	37	1350,0
41	-18.25	46.75	37	1350,0
41	-17.75	46.75	37	1350,0
41	-17.25	47.25	37	1350,0
41	-17.25	47.75	37	1350,0
41	-17.75	48.25	37	1350,0
41	-17.75	49.25	37	1350,0
41	-20.25	49.25	37	1350,0
33	-39.25	1.75	32	1350,50
33	-39.25	2.25	32	1350,50
33	-38.75	2.25	32	1350,50
33	-38.25	1.75	32	1350,50
33	-37.75	1.75	32	1350,50
33	-36.25	3.25	32	1350,50
33	-35.75	3.25	32	1350,50
33	-34.75	2.25	32	1350,50
33	-34.25	2.25	32	1350,50
33	-33.25	3.25	32	1350,50
33	-32.75	3.25	32	1350,50
33	-32.25	2.75	32	1350,50
33	-30.75	2.75	32	1350,50
33	-30.25	3.25	32	1350,50
33	-30.25	3.75	32	1350,50
33	-30.75	4.25	32	1350,50
33	-30.75	5.25	32	1350,50
33	-32.25	6.75	32	1350,50
33	-32.25	7.25	32	1350,50
33	-31.75	7.75	32	1350,50
33	-31.25	7.75	32	1350,50
33	-29.75	6.25	32	1350,50
33	-27.75	6.25	32	1350,50
33	-21.25	-0.25	32	1350,50
33	-21.25	-0.75	32	1350,50
33	-36.75	-0.75	32	1350,50
33	-39.25	1.75	32	1350,50
33	-36.25	48.75	32	1350,0
33	-36.25	49.25	32	1350,0
33	-21.75	49.25	32	1350,0
33	-21.75	48.25	32	1350,0
33	-21.25	48.25	32	1350,0
33	-20.75	48.75	32	1350,0
33	-20.25	48.75	32	1350,0
33	-18.25	46.75	32	1350,0
33	-17.75	46.75	32	1350,0
33	-17.25	47.25	32	1350,0
33	-17.25	47.75	32	1350,0
33	-17.75	48.25	32	1350,0
33	-17.75	48.75	32	1350,0
33	-17.25	49.25	32	1350,0
33	-7.75	49.25	32	1350,0
33	-7.75	48.75	32	1350,0
33	-25.75	30.75	32	1350,0
33	-26.25	30.75	32	1350,0
33	-26.75	31.25	32	1350,0
33	-26.75	32.25	32	1350,0
33	-27.25	32.25	32	1350,0
33	-27.75	31.75	32	1350,0
33	-27.75	30.75	32	1350,0
33	-28.25	30.25	32	1350,0
33	-28.75	30.25	32	1350,0
33	-28.75	31.25	32	1350,0
33	-30.25	32.75	32	1350,0
33	-31.25	32.75	32	1350,0
33	-31.25	33.75	32	1350,0
33	-31.75	34.25	32	1350,0
33	-32.75	34.25	32	1350,0
33	-32.75	35.75	32	1350,0
33	-30.25	38.25	32	1350,0
33	-29.75	38.25	32	1350,0
33	-29.75	37.25	32	1350,0
33	-29.25	37.25	32	1350,0
33	-27.25	39.25	32	1350,0
33	-27.25	39.75	32	1350,0
33	-27.75	39.75	32	1350,0
33	-28.75	38.75	32	1350,0
33	-29.25	38.75	32	1350,0
33	-29.25	39.25	32	1350,0
33	-28.25	40.25	32	1350,0
33	-28.25	40.75	32	1350,0
33	-29.25	41.75	32	1350,0
33	-29.75	41.75	32	1350,0
33	-30.75	40.75	32	1350,0
33	-31.75	40.75	32	1350,0
33	-32.25	40.25	32	1350,0
33	-33.25	40.25	32	1350,0
33	-33.25	39.25	32	1350,0
33	-34.75	37.75	32	1350,0
33	-35.25	37.75	32	1350,0
33	-35.75	38.25	32	1350,0
33	-36.75	38.25	32	1350,0
33	-37.25	38.75	32	1350,0
33	-37.25	39.25	32	1350,0
33	-35.25	39.25	32	1350,0
33	-34.75	39.75	32	1350,0
33	-34.75	40.25	32	1350,0
33	-35.25	40.75	32	1350,0
33	-35.25	41.25	32	1350,0
33	-33.75	42.75	32	1350,0
33	-31.75	42.75	32	1350,0
33	-31.25	43.25	32	1350,0
33	-31.25	43.75	32	1350,0
33	-33.25	45.75	32	1350,0
33	-33.75	45.75	32	1350,0
33	-38.25	41.25	32	1350,0
33	-38.75	41.25	32	1350,0
33	-39.25	41.75	32	1350,0
33	-39.25	42.25	32	1350,0
33	-38.25	42.25	32	1350,0
33	-37.75	42.75	32	1350,0
33	-37.75	44.25	32	1350,0
33	-38.25	44.25	32	1350,0
33	-39.75	42.75	32	1350,0
33	-40.25	42.75	32	1350,0
33	-40.25	43.25	32	1350,0
33	-35.75	47.75	32	1350,0
33	-35.75	48.25	32	1350,0
33	-36.25	48.75	32	1350,0
34	-25.75	12.25	32	1350,50
34	-25.75	12.75	32	1350,50
34	-25.25	12.75	32	1350,50
34	-23.75	11.25	32	1350,50
34	-22.75	11.25	32	1350,50
34	-22.75	10.75	32	1350,50
34	-24.25	9.25	32	1350,50
34	-24.25	8.75	32	1350,50
34	-22.75	7.25	32	1350,50
34	-22.25	7.25	32	1350,50
34	-20.75	8.75	32	1350,50
34	-20.25	8.75	32	1350,50
34	-18.25	6.75	32	1350,50
34	-17.75	6.75	32	1350,50
34	-17.25	7.25	32	1350,50
34	-17.25	8.25	32	1350,50
34	-16.75	8.75	32	1350,50
34	-16.25	8.75	32	1350,50
34	-15.25	7.75	32	1350,50
34	-14.75	7.75	32	1350,50
34	-14.25	8.25	32	1350,50
34	-13.75	8.25	32	1350,50
34	-6.25	0.75	32	1350,50
34	-6.25	0.25	32	1350,50
34	-7.25	-0.75	32	1350,50
34	-16.75	-0.75	32	1350,50
34	-16.75	0.25	32	1350,50
34	-17.25	0.25	32	1350,50
34	-18.25	-0.75	32	1350,50
34	-18.75	-0.75	32	1350,50
34	-18.75	-0.25	32	1350,50
34	-17.75	0.75	32	1350,50
34	-17.75	1.25	32	1350,50
34	-18.75	2.25	32	1350,50
34	-20.25	2.25	32	1350,50
34	-20.75	1.75	32	1350,50
34	-21.25	1.75	32	1350,50
34	-21.75	2.25	32	1350,50
34	-21.75	2.75	32	1350,50
34	-20.75	3.75	32	1350,50
34	-20.75	4.25	32	1350,50
34	-22.75	6.25	32	1350,50
34	-23.25	6.25	32	1350,50
34	-24.25	5.25	32	1350,50
34	-24.75	5.25	32	1350,50
34	-24.75	5.75	32	1350,50
34	-23.75	6.75	32	1350,50
34	-23.75	7.25	32	1350,50
34	-24.25	7.75	32	1350,50
34	-24.75	7.75	32	1350,50
34	-25.75	6.75	32	1350,50
34	-26.25	6.75	32	1350,50
34	-26.25	7.25	32	1350,50
34	-25.25	8.25	32	1350,50
34	-25.25	9.25	32	1350,50
34	-24.25	10.25	32	1350,50
34	-24.25	10.75	32	1350,50
34	-25.75	12.25	32	1350,50
34	-24.75	38.25	32	1350,0
34	-24.75	38.75	32	1350,0
34	-23.75	39.75	32	1350,0
34	-22.25	39.75	32	1350,0
34	-21.75	39.25	32	1350,0
34	-21.75	37.75	32	1350,0
34	-22.75	36.75	32	1350,0
34	-23.25	36.75	32	1350,0
34	-24.75	38.25	32	1350,0
114	-12.75	26.25	77	1300,0
114	-12.75	26.75	77	1300,0
114	-12.25	27.25	77	1300,0
114	-11.25	27.25	77	1300,0
114	-11.25	28.25	77	1300,0
114	-8.75	30.75	77	1300,0
114	-8.25	30.75	77	1300,0
114	-7.25	29.75	77	1300,0
114	-6.75	29.75	77	1300,0
114	-6.75	30.25	77	1300,0
114	-7.75	31.25	77	1300,0
114	-7.75	31.75	77	1300,0
114	-7.25	32.25	77	1300,0
114	-6.25	32.25	77	1300,0
114	-6.25	33.25	77	1300,0
114	-5.75	33.25	77	1300,0
114	-4.75	32.25	77	1300,0
114	-4.25	32.25	77	1300,0
114	-4.25	32.75	77	1300,0
114	-5.25	33.75	77	1300,0
114	-5.25	34.25	77	1300,0
114	-3.25	36.25	77	1300,0
114	-2.75	36.25	77	1300,0
114	-0.25	33.75	77	1300,0
114	-0.25	33.25	77	1300,0
114	-0.75	32.75	77	1300,0
114	-0.75	32.25	77	1300,0
114	-0.25	31.75	77	1300,0
114	-0.25	31.25	77	1300,0
114	-0.75	30.75	77	1300,0
114	-0.75	30.25	77	1300,0
114	-0.25	29.75	77	1300,0
114	0.25	29.75	77	1300,0
114	0.75	30.25	77	1300,0
114	1.25	30.25	77	1300,0
114	2.25	29.25	77	1300,0
114	2.25	27.75	77	1300,0
114	1.25	27.75	77	1300,0
114	-0.25	26.25	77	1300,0
114	-0.25	25.25	77	1300,0
114	-1.75	25.25	77	1300,0
114	-2.75	26.25	77	1300,0
114	-2.75	26.75	77	1300,0
114	-2.25	27.25	77	1300,0
114	-1.25	27.25	77	1300,0
114	-0.75	27.75	77	1300,0
114	0.25	27.75	77	1300,0
114	0.25	28.25	77	1300,0
114	-0.25	28.75	77	1300,0
114	-1.25	28.75	77	1300,0
114	-1.25	29.75	77	1300,0
114	-1.75	30.25	77	1300,0
114	-3.25	30.25	77	1300,0
114	-4.75	28.75	77	1300,0
114	-5.75	28.75	77	1300,0
114	-5.75	27.75	77	1300,0
114	-8.25	25.25	77	1300,0
114	-8.75	25.25	77	1300,0
114	-8.75	26.25	77	1300,0
114	-9.25	26.75	77	1300,0
114	-9.75	26.75	77	1300,0
114	-10.25	26.25	77	1300,0
114	-10.25	25.75	77	1300,0
114	-9.25	24.75	77	1300,0
114	-9.25	24.25	77	1300,0
114	-9.75	23.75	77	1300,0
114	-10.25	23.75	77	1300,0
114	-12.75	26.25	77	1300,0
126	-33.75	0.25	9	1300,0
126	-33.75	0.75	9	1300,0
126	-32.75	1.75	9	1300,0
126	-30.75	1.75	9	1300,0
126	-28.25	4.25	9	1300,0
126	-27.25	4.25	9	1300,0
126	-26.75	4.75	9	1300,0
126	-26.25	4.75	9	1300,0
126	-25.75	4.25	9	1300,0
126	-24.75	4.25	9	1300,0
126	-23.25	2.75	9	1300,0
126	-22.75	2.75	9	1300,0
126	-22.75	3.75	9	1300,0
126	-22.25	3.75	9	1300,0
126	-21.75	3.25	9	1300,0
126	-21.25	3.25	9	1300,0
126	-21.25	5.25	9	1300,0
126	-20.75	5.25	9	1300,0
126	-20.25	4.75	9	1300,0
126	-19.25	4.75	9	1300,0
126	-18.75	4.25	9	1300,0
126	-17.75	4.25	9	1300,0
126	-16.75	3.25	9	1300,0
126	-15.25	3.25	9	1300,0
126	-14.25	4.25	9	1300,0
126	-12.25	4.25	9	1300,0
126	-11.75	4.75	9	1300,0
126	-11.25	4.75	9	1300,0
126	-7.75	1.25	9	1300,0
126	-7.75	0.75	9	1300,0
126	-13.75	0.75	9	1300,0
126	-14.25	0.25	9	1300,0
126	-14.75	0.25	9	1300,0
126	-15.25	0.75	9	1300,0
126	-15.75	0.75	9	1300,0
126	-16.25	0.25	9	1300,0
126	-16.75	0.25	9	1300,0
126	-17.75	1.25	9	1300,0
126	-18.25	1.25	9	1300,0
126	-18.75	0.75	9	1300,0
126	-19.25	0.75	9	1300,0
126	-19.75	1.25	9	1300,0
126	-20.25	1.25	9	1300,0
126	-20.75	0.75	9	1300,0
126	-32.75	0.75	9	1300,0
126	-33.25	0.25	9	1300,0
126	-33.75	0.25	9	1300,0
72	-33.25	-0.25	51	1300,0
72	-33.25	0.25	51	1300,0
72	-32.75	0.75	51	1300,0
72	-20.75	0.75	51	1300,0
72	-20.25	1.25	51	1300,0
72	-19.75	1.25	51	1300,0
72	-19.25	0.75	51	1300,0
72	-18.75	0.75	51	1300,0
72	-18.25	1.25	51	1300,0
72	-17.75	1.25	51	1300,0
72	-16.75	0.25	51	1300,0
72	-16.75	-0.25	51	1300,0
72	-33.25	-0.25	51	1300,0
67	-19.75	13.25	48	1300,0
67	-19.75	13.75	48	1300,0
67	-19.25	13.75	48	1300,0
67	-11.25	5.75	48	1300,0
67	-11.25	5.25	48	1300,0
67	-11.75	5.25	48	1300,0
67	-19.75	13.25	48	1300,0
68	-18.75	14.25	48	1300,0
68	-18.75	14.75	48	1300,0
68	-18.25	14.75	48	1300,0
68	-13.25	9.75	48	1300,0
68	-12.25	9.75	48	1300,0
68	-11.25	8.75	48	1300,0
68	-11.25	7.75	48	1300,0
68	-10.25	6.75	48	1300,0
68	-10.25	6.25	48	1300,0
68	-10.75	6.25	48	1300,0
68	-18.75	14.25	48	1300,0
20	-15.25	17.75	21	1300,0
20	-15.25	18.25	21	1300,0
20	-12.75	20.75	21	1300,0
20	-12.25	20.75	21	1300,0
20	-6.25	14.75	21	1300,0
20	-5.75	14.75	21	1300,0
20	-3.75	16.75	21	1300,0
20	-3.25	16.75	21	1300,0
20	-3.25	16.25	21	1300,0
20	-5.25	14.25	21	1300,0
20	-5.25	13.75	21	1300,0
20	0.75	7.75	21	1300,0
20	0.75	7.25	21	1300,0
20	-2.75	3.75	21	1300,0
20	-3.25	3.75	21	1300,0
20	-10.25	10.75	21	1300,0
20	-10.25	11.25	21	1300,0
20	-9.75	11.75	21	1300,0
20	-9.75	12.25	21	1300,0
20	-10.25	12.75	21	1300,0
20	-11.25	12.75	21	1300,0
20	-11.75	13.25	21	1300,0
20	-11.75	13.75	21	1300,0
20	-11.25	14.25	21	1300,0
20	-10.25	14.25	21	1300,0
20	-10.25	14.75	21	1300,0
20	-12.25	16.75	21	1300,0
20	-12.75	16.75	21	1300,0
20	-13.25	16.25	21	1300,0
20	-14.75	16.25	21	1300,0
20	-15.25	16.75	21	1300,0
20	-15.25	17.75	21	1300,0
29	-12.25	20.75	29	1300,0
29	-12.25	21.25	29	1300,0
29	-10.75	22.75	29	1300,0
29	-10.25	22.75	29	1300,0
29	-9.25	21.75	29	1300,0
29	-8.25	21.75	29	1300,0
29	-8.25	19.75	29	1300,0
29	-7.25	19.75	29	1300,0
29	-5.75	18.25	29	1300,0
29	-4.75	18.25	29	1300,0
29	-4.75	16.75	29	1300,0
29	-6.25	15.25	29	1300,0
29	-6.75	15.25	29	1300,0
29	-12.25	20.75	29	1300,0
113	0.75	33.75	76	1300,0
113	0.75	34.25	76	1300,0
113	2.25	35.75	76	1300,0
113	2.75	35.75	76	1300,0
113	5.25	33.25	76	1300,0
113	5.25	29.75	76	1300,0
113	4.75	29.75	76	1300,0
113	0.75	33.75	76	1300,0
113	-44.75	32.25	76	1350,0
113	-44.75	32.75	76	1350,0
113	-44.25	32.75	76	1350,0
113	-41.75	30.25	76	1350,0
113	-41.75	29.75	76	1350,0
113	-43.25	28.25	76	1350,0
113	-43.75	28.25	76	1350,0
113	-44.75	29.25	76	1350,0
113	-44.75	32.25	76	1350,0
12	-27.75	4.25	17	1300,0
12	-27.75	4.75	17	1300,0
12	-20.75	11.75	17	1300,0
12	-20.25	11.75	17	1300,0
12	-19.75	11.25	17	1300,0
12	-19.25	11.25	17	1300,0
12	-18.75	11.75	17	1300,0
12	-18.25	11.75	17	1300,0
12	-11.75	5.25	17	1300,0
12	-11.75	4.75	17	1300,0
12	-12.25	4.25	17	1300,0
12	-14.25	4.25	17	1300,0
12	-15.25	3.25	17	1300,0
12	-16.75	3.25	17	1300,0
12	-17.75	4.25	17	1300,0
12	-18.75	4.25	17	1300,0
12	-19.25	4.75	17	1300,0
12	-20.25	4.75	17	1300,0
12	-20.75	5.25	17	1300,0
12	-21.25	5.25	17	1300,0
12	-21.25	3.25	17	1300,0
12	-21.75	3.25	17	1300,0
12	-22.25	3.75	17	1300,0
12	-22.75	3.75	17	1300,0
12	-22.75	2.75	17	1300,0
12	-23.25	2.75	17	1300,0
12	-24.75	4.25	17	1300,0
12	-25.75	4.25	17	1300,0
12	-26.25	4.75	17	1300,0
12	-26.75	4.75	17	1300,0
12	-27.25	4.25	17	1300,0
12	-27.75	4.25	17	1300,0
16	-16.25	15.75	2	1300,0
16	-16.25	16.25	2	1300,0
16	-15.75	16.25	2	1300,0
16	-4.75	5.25	2	1300,0
16	-4.75	3.75	2	1300,0
16	-5.75	2.75	2	1300,0
16	-5.75	2.25	2	1300,0
16	-5.25	1.75	2	1300,0
16	-4.75	1.75	2	1300,0
16	-3.25	3.25	2	1300,0
16	-2.75	3.25	2	1300,0
16	-2.75	2.75	2	1300,0
16	-4.75	0.75	2	1300,0
16	-5.25	0.75	2	1300,0
16	-10.25	5.75	2	1300,0
16	-10.25	6.75	2	1300,0
16	-11.25	7.75	2	1300,0
16	-11.25	8.25	2	1300,0
16	-10.25	9.25	2	1300,0
16	-10.25	9.75	2	1300,0
16	-11.25	9.75	2	1300,0
16	-14.25	12.75	2	1300,0
16	-14.25	13.75	2	1300,0
16	-14.75	14.25	2	1300,0
16	-15.25	14.25	2	1300,0
16	-15.75	13.75	2	1300,0
16	-16.25	13.75	2	1300,0
16	-16.25	14.25	2	1300,0
16	-15.75	14.75	2	1300,0
16	-15.75	15.25	2	1300,0
16	-16.25	15.75	2	1300,0
17	-11.25	4.75	2	1300,0
17	-11.25	5.25	2	1300,0
17	-10.75	5.25	2	1300,0
17	-5.75	0.25	2	1300,0
17	-5.75	-0.25	2	1300,0
17	-6.25	-0.25	2	1300,0
17	-11.25	4.75	2	1300,0
18	-4.25	-0.25	2	1300,0
18	-4.25	0.25	2	1300,0
18	-2.25	2.25	2	1300,0
18	-1.75	2.25	2	1300,0
18	-1.25	1.75	2	1300,0
18	-1.25	1.25	2	1300,0
18	-2.75	-0.25	2	1300,0
18	-4.25	-0.25	2	1300,0
74	-5.25	13.75	53	1300,0
74	-5.25	14.25	53	1300,0
74	-3.25	16.25	53	1300,0
74	-2.75	16.25	53	1300,0
74	-2.25	15.75	53	1300,0
74	-2.25	14.75	53	1300,0
74	1.25	11.25	53	1300,0
74	1.25	10.75	53	1300,0
74	0.25	9.75	53	1300,0
74	-1.25	9.75	53	1300,0
74	-5.25	13.75	53	1300,0
107	-16.25	-0.25	70	1300,0
107	-16.25	0.25	70	1300,0
107	-15.75	0.75	70	1300,0
107	-15.25	0.75	70	1300,0
107	-14.75	0.25	70	1300,0
107	-14.75	-0.25	70	1300,0
107	-16.25	-0.25	70	1300,0
104	-14.25	-0.25	68	1300,0
104	-14.25	0.25	68	1300,0
104	-13.75	0.75	68	1300,0
104	-7.25	0.75	68	1300,0
104	-6.75	0.25	68	1300,0
104	-6.75	-0.25	68	1300,0
104	-14.25	-0.25	68	1300,0
108	-38.75	24.25	71	1350,0
108	-38.75	24.75	71	1350,0
108	-37.75	25.75	71	1350,0
108	-37.25	25.75	71	1350,0
108	-35.75	24.25	71	1350,0
108	-35.75	23.75	71	1350,0
108	-37.25	22.25	71	1350,0
108	-37.75	22.25	71	1350,0
108	-38.75	23.25	71	1350,0
108	-38.75	24.25	71	1350,0
124	-24.75	38.25	85	1350,0
124	-24.75	38.75	85	1350,0
124	-23.75	39.75	85	1350,0
124	-22.25	39.75	85	1350,0
124	-21.75	39.25	85	1350,0
124	-21.75	37.75	85	1350,0
124	-22.75	36.75	85	1350,0
124	-23.25	36.75	85	1350,0
124	-24.75	38.25	85	1350,0
97	-4.75	4.25	62	1300,0
97	-4.75	4.75	62	1300,0
97	-4.25	4.75	62	1300,0
97	-3.25	3.75	62	1300,0
97	-3.25	3.25	62	1300,0
97	-4.75	1.75	62	1300,0
97	-5.25	1.75	62	1300,0
97	-5.75	2.25	62	1300,0
97	-5.75	2.75	62	1300,0
97	-4.75	3.75	62	1300,0
97	-4.75	4.25	62	1300,0
111	0.75	8.75	74	1300,0
111	0.75	9.25	74	1300,0
111	1.75	10.25	74	1300,0
111	3.25	10.25	74	1300,0
111	3.25	9.75	74	1300,0
111	1.25	7.75	74	1300,0
111	0.75	7.75	74	1300,0
111	0.75	8.75	74	1300,0
75	-2.75	3.25	54	1300,0
75	-2.75	3.75	54	1300,0
75	0.75	7.25	54	1300,0
75	1.25	7.25	54	1300,0
75	1.25	6.75	54	1300,0
75	-2.25	3.25	54	1300,0
75	-2.75	3.25	54	1300,0
45	1.25	7.25	4	1300,0
45	1.25	7.75	4	1300,0
45	3.25	9.75	4	1300,0
45	3.75	9.75	4	1300,0
45	4.75	8.75	4	1300,0
45	4.75	8.25	4	1300,0
45	4.25	7.75	4	1300,0
45	4.25	6.75	4	1300,0
45	3.25	5.75	4	1300,0
45	2.75	5.75	4	1300,0
45	2.25	6.25	4	1300,0
45	2.25	6.75	4	1300,0
45	3.25	7.75	4	1300,0
45	3.25	8.25	4	1300,0
45	2.75	8.25	4	1300,0
45	1.75	7.25	4	1300,0
45	1.75	6.25	4	1300,0
45	-3.75	0.75	4	1300,0
45	-4.25	0.75	4	1300,0
45	-4.25	1.25	4	1300,0
45	1.25	6.75	4	1300,0
45	1.25	7.25	4	1300,0
45	-44.25	10.75	4	1350,0
45	-44.25	11.25	4	1350,0
45	-43.75	11.25	4	1350,0
45	-43.75	10.75	4	1350,0
45	-44.25	10.75	4	1350,0
1	3.75	9.75	1	1300,0
1	3.75	10.25	1	1300,0
1	4.75	11.25	1	1300,0
1	5.25	11.25	1	1300,0
1	5.25	10.75	1	1300,0
1	4.25	9.75	1	1300,0
1	3.75	9.75	1	1300,0
1	-44.75	11.25	1	1350,0
1	-44.75	11.75	1	1350,0
1	-21.75	34.75	1	1350,0
1	-21.25	34.75	1	1350,0
1	-21.25	34.25	1	1350,0
1	-44.25	11.25	1	1350,0
1	-44.75	11.25	1	1350,0
2	4.75	8.75	1	1300,0
2	4.75	9.25	1	1300,0
2	5.25	9.25	1	1300,0
2	5.25	8.75	1	1300,0
2	4.75	8.75	1	1300,0
2	-44.75	9.25	1	1350,0
2	-44.75	9.75	1	1350,0
2	-20.75	33.75	1	1350,0
2	-18.75	33.75	1	1350,0
2	-18.25	34.25	1	1350,0
2	-17.75	34.25	1	1350,0
2	-17.75	33.75	1	1350,0
2	-18.75	32.75	1	1350,0
2	-20.75	32.75	1	1350,0
2	-32.25	21.25	1	1350,0
2	-32.25	20.25	1	1350,0
2	-32.75	19.75	1	1350,0
2	-32.75	18.75	1	1350,0
2	-34.75	18.75	1	1350,0
2	-44.25	9.25	1	1350,0
2	-44.75	9.25	1	1350,0
58	-21.25	34.75	41	1350,0
58	-21.25	35.25	41	1350,0
58	-17.75	38.75	41	1350,0
58	-17.25	38.75	41	1350,0
58	-17.25	38.25	41	1350,0
58	-20.75	34.75	41	1350,0
58	-21.25	34.75	41	1350,0
59	-20.25	33.75	41	1350,0
59	-20.25	34.25	41	1350,0
59	-16.75	37.75	41	1350,0
59	-16.25	37.75	41	1350,0
59	-16.25	37.25	41	1350,0
59	-18.25	35.25	41	1350,0
59	-18.25	34.25	41	1350,0
59	-18.75	33.75	41	1350,0
59	-20.25	33.75	41	1350,0
78	-17.25	38.75	57	1350,0
78	-17.25	39.25	57	1350,0
78	-16.25	40.25	57	1350,0
78	-15.75	40.25	57	1350,0
78	-15.75	39.75	57	1350,0
78	-16.75	38.75	57	1350,0
78	-17.25	38.75	57	1350,0
79	-16.25	37.75	57	1350,0
79	-16.25	38.25	57	1350,0
79	-15.25	39.25	57	1350,0
79	-14.25	39.25	57	1350,0
79	-10.25	43.25	57	1350,0
79	-9.75	43.25	57	1350,0
79	-9.75	42.75	57	1350,0
79	-10.75	41.75	57	1350,0
79	-10.75	40.75	57	1350,0
79	-13.25	38.25	57	1350,0
79	-14.25	38.25	57	1350,0
79	-15.25	37.25	57	1350,0
79	-15.25	36.25	57	1350,0
79	-16.75	34.75	57	1350,0
79	-16.75	33.75	57	1350,0
79	-18.25	32.25	57	1350,0
79	-18.75	32.25	57	1350,0
79	-18.75	32.75	57	1350,0
79	-17.75	33.75	57	1350,0
79	-17.75	34.25	57	1350,0
79	-18.25	34.75	57	1350,0
79	-18.25	35.25	57	1350,0
79	-16.25	37.25	57	1350,0
79	-16.25	37.75	57	1350,0
42	-15.75	40.25	38	1350,0
42	-15.75	40.75	38	1350,0
42	-9.25	47.25	38	1350,0
42	-8.75	47.25	38	1350,0
42	-8.75	46.75	38	1350,0
42	-15.25	40.25	38	1350,0
42	-15.75	40.25	38	1350,0
43	-14.75	39.25	38	1350,0
43	-14.75	39.75	38	1350,0
43	-8.25	46.25	38	1350,0
43	-7.75	46.25	38	1350,0
43	-7.25	45.75	38	1350,0
43	-7.25	44.25	38	1350,0
43	-8.25	44.25	38	1350,0
43	-9.25	43.25	38	1350,0
43	-10.25	43.25	38	1350,0
43	-14.25	39.25	38	1350,0
43	-14.75	39.25	38	1350,0
14	-8.75	47.25	19	1350,0
14	-8.75	47.75	19	1350,0
14	-8.25	48.25	19	1350,0
14	-7.75	48.25	19	1350,0
14	-7.75	47.75	19	1350,0
14	-8.25	47.25	19	1350,0
14	-8.75	47.25	19	1350,0
14	-45.25	39.75	19	1400,0
14	-45.25	40.25	19	1400,0
14	-44.75	40.25	19	1400,0
14	-7.75	3.25	19	1400,0
14	-7.75	2.75	19	1400,0
14	-8.25	2.75	19	1400,0
14	-45.25	39.75	19	1400,0
15	-7.75	46.25	19	1350,0
15	-7.75	46.75	19	1350,0
15	-7.25	47.25	19	1350,0
15	-6.25	47.25	19	1350,0
15	-4.75	48.75	19	1350,0
15	-3.25	48.75	19	1350,0
15	4.75	40.75	19	1350,0
15	4.75	40.25	19	1350,0
15	4.25	40.25	19	1350,0
15	-2.75	47.25	19	1350,0
15	-3.25	47.25	19	1350,0
15	-4.75	45.75	19	1350,0
15	-5.25	45.75	19	1350,0
15	-5.75	46.25	19	1350,0
15	-6.25	46.25	19	1350,0
15	-6.75	45.75	19	1350,0
15	-7.25	45.75	19	1350,0
15	-7.75	46.25	19	1350,0
94	-7.75	48.25	61	1350,0
94	-7.75	48.75	61	1350,0
94	-7.25	49.25	61	1350,0
94	-6.75	49.25	61	1350,0
94	-6.75	48.75	61	1350,0
94	-7.25	48.25	61	1350,0
94	-7.75	48.25	61	1350,0
94	-6.75	-0.75	61	1350,50
94	-6.75	-0.25	61	1350,50
94	-5.75	0.75	61	1350,50
94	-5.25	0.75	61	1350,50
94	-5.25	0.25	61	1350,50
94	-6.25	-0.75	61	1350,50
94	-6.75	-0.75	61	1350,50
95	-6.75	47.25	61	1350,0
95	-6.75	47.75	61	1350,0
95	-5.25	49.25	61	1350,0
95	-4.75	49.25	61	1350,0
95	-4.75	48.75	61	1350,0
95	-6.25	47.25	61	1350,0
95	-6.75	47.25	61	1350,0
95	-4.75	-0.75	61	1350,50
95	-4.75	-0.25	61	1350,50
95	-4.25	-0.25	61	1350,50
95	-4.25	-0.75	61	1350,50
95	-4.75	-0.75	61	1350,50
96	-4.25	49.25	61	1350,0
96	-4.25	48.75	61	1350,0
96	-3.75	48.75	61	1350,0
96	-3.75	49.25	61	1350,0
96	-4.25	49.25	61	1350,0
49	-43.25	11.75	4	1350,0
49	-43.25	12.25	4	1350,0
49	-42.75	12.75	4	1350,0
49	-42.25	12.75	4	1350,0
49	-42.25	12.25	4	1350,0
49	-42.75	11.75	4	1350,0
49	-43.25	11.75	4	1350,0
50	-39.75	15.25	4	1350,0
50	-39.75	15.75	4	1350,0
50	-39.25	15.75	4	1350,0
50	-39.25	15.25	4	1350,0
50	-39.75	15.25	4	1350,0
51	-37.75	17.25	4	1350,0
51	-37.75	17.75	4	1350,0
51	-37.25	17.75	4	1350,0
51	-37.25	17.25	4	1350,0
51	-37.75	17.25	4	1350,0
52	-36.25	18.75	4	1350,0
52	-36.25	19.25	4	1350,0
52	-35.75	19.25	4	1350,0
52	-35.75	18.75	4	1350,0
52	-36.25	18.75	4	1350,0
53	-32.75	22.25	4	1350,0
53	-32.75	22.75	4	1350,0
53	-32.25	22.75	4	1350,0
53	-32.25	22.25	4	1350,0
53	-32.75	22.25	4	1350,0
54	-27.75	27.25	4	1350,0
54	-27.75	27.75	4	1350,0
54	-27.25	27.75	4	1350,0
54	-27.25	27.25	4	1350,0
54	-27.75	27.25	4	1350,0
55	-25.25	29.75	4	1350,0
55	-25.25	30.25	4	1350,0
55	-24.75	30.25	4	1350,0
55	-24.75	29.75	4	1350,0
55	-25.25	29.75	4	1350,0
56	-22.25	32.75	4	1350,0
56	-22.25	33.25	4	1350,0
56	-21.25	34.25	4	1350,0
56	-20.75	34.25	4	1350,0
56	-20.75	33.75	4	1350,0
56	-21.75	32.75	4	1350,0
56	-22.25	32.75	4	1350,0
46	-15.75	39.25	4	1350,0
46	-15.75	39.75	4	1350,0
46	-15.25	39.75	4	1350,0
46	-15.25	39.25	4	1350,0
46	-15.75	39.25	4	1350,0
47	-12.25	42.75	4	1350,0
47	-12.25	43.25	4	1350,0
47	-10.75	44.75	4	1350,0
47	-10.25	44.75	4	1350,0
47	-10.25	44.25	4	1350,0
47	-11.75	42.75	4	1350,0
47	-12.25	42.75	4	1350,0
48	-6.75	48.25	4	1350,0
48	-6.75	48.75	4	1350,0
48	-6.25	48.75	4	1350,0
48	-6.25	48.25	4	1350,0
48	-6.75	48.25	4	1350,0
25	-1.75	2.25	26	1300,0
25	-1.75	2.75	26	1300,0
25	1.75	6.25	26	1300,0
25	2.25	6.25	26	1300,0
25	2.75	5.75	26	1300,0
25	2.75	5.25	26	1300,0
25	0.25	2.75	26	1300,0
25	0.25	1.75	26	1300,0
25	-0.25	1.25	26	1300,0
25	-0.75	1.25	26	1300,0
25	-1.75	2.25	26	1300,0
60	4.25	7.25	42	1300,0
60	4.25	7.75	42	1300,0
60	4.75	8.25	42	1300,0
60	5.25	8.25	42	1300,0
60	5.25	4.75	42	1300,0
60	3.75	4.75	42	1300,0
60	3.25	5.25	42	1300,0
60	3.25	5.75	42	1300,0
60	4.25	6.75	42	1300,0
60	4.25	7.25	42	1300,0
60	-44.75	8.25	42	1350,0
60	-44.75	8.75	42	1350,0
60	-34.75	18.75	42	1350,0
60	-32.75	18.75	42	1350,0
60	-32.75	19.75	42	1350,0
60	-32.25	20.25	42	1350,0
60	-32.25	21.25	42	1350,0
60	-21.75	31.75	42	1350,0
60	-21.25	31.75	42	1350,0
60	-21.25	31.25	42	1350,0
60	-23.75	28.75	42	1350,0
60	-23.75	27.75	42	1350,0
60	-25.75	25.75	42	1350,0
60	-26.75	25.75	42	1350,0
60	-29.25	23.25	42	1350,0
60	-29.25	22.75	42	1350,0
60	-28.75	22.25	42	1350,0
60	-28.75	21.75	42	1350,0
60	-30.75	19.75	42	1350,0
60	-30.75	19.25	42	1350,0
60	-30.25	18.75	42	1350,0
60	-30.25	18.25	42	1350,0
60	-31.25	17.25	42	1350,0
60	-31.75	17.25	42	1350,0
60	-32.25	17.75	42	1350,0
60	-34.75	17.75	42	1350,0
60	-34.75	16.75	42	1350,0
60	-37.75	13.75	42	1350,0
60	-38.75	13.75	42	1350,0
60	-44.25	8.25	42	1350,0
60	-44.25	7.75	42	1350,0
60	-43.75	7.25	42	1350,0
60	-43.75	6.75	42	1350,0
60	-44.25	6.25	42	1350,0
60	-44.25	5.25	42	1350,0
60	-44.75	5.25	42	1350,0
60	-44.75	8.25	42	1350,0
4	-21.25	31.75	11	1350,0
4	-21.25	32.25	11	1350,0
4	-20.75	32.75	11	1350,0
4	-19.25	32.75	11	1350,0
4	-18.75	32.25	11	1350,0
4	-18.25	32.25	11	1350,0
4	-16.75	33.75	11	1350,0
4	-16.75	34.75	11	1350,0
4	-15.25	36.25	11	1350,0
4	-15.25	37.25	11	1350,0
4	-14.25	38.25	11	1350,0
4	-13.25	38.25	11	1350,0
4	-10.75	40.75	11	1350,0
4	-10.75	41.75	11	1350,0
4	-8.25	44.25	11	1350,0
4	-7.25	44.25	11	1350,0
4	-7.25	45.25	11	1350,0
4	-6.25	46.25	11	1350,0
4	-5.75	46.25	11	1350,0
4	-5.25	45.75	11	1350,0
4	-4.75	45.75	11	1350,0
4	-3.25	47.25	11	1350,0
4	-2.75	47.25	11	1350,0
4	1.25	43.25	11	1350,0
4	1.25	42.75	11	1350,0
4	-1.25	40.25	11	1350,0
4	-1.25	39.75	11	1350,0
4	0.75	37.75	11	1350,0
4	0.75	37.25	11	1350,0
4	-0.75	35.75	11	1350,0
4	-0.75	35.25	11	1350,0
4	3.25	31.25	11	1350,0
4	3.25	30.75	11	1350,0
4	2.75	30.75	11	1350,0
4	-3.75	37.25	11	1350,0
4	-4.25	37.25	11	1350,0
4	-7.25	34.25	11	1350,0
4	-7.25	33.75	11	1350,0
4	-5.75	32.25	11	1350,0
4	-5.75	31.75	11	1350,0
4	-6.25	31.25	11	1350,0
4	-6.75	31.25	11	1350,0
4	-8.25	32.75	11	1350,0
4	-8.75	32.75	11	1350,0
4	-9.75	31.75	11	1350,0
4	-9.75	31.25	11	1350,0
4	-8.25	29.75	11	1350,0
4	-7.75	29.75	11	1350,0
4	-7.25	30.25	11	1350,0
4	-6.75	30.25	11	1350,0
4	-6.75	29.75	11	1350,0
4	-7.25	29.25	11	1350,0
4	-7.25	28.75	11	1350,0
4	-3.25	24.75	11	1350,0
4	-3.25	24.25	11	1350,0
4	-3.75	23.75	11	1350,0
4	-3.75	23.25	11	1350,0
4	-3.25	23.25	11	1350,0
4	-2.75	23.75	11	1350,0
4	-2.25	23.75	11	1350,0
4	-1.75	23.25	11	1350,0
4	-1.75	22.75	11	1350,0
4	-2.25	22.25	11	1350,0
4	-2.25	21.75	11	1350,0
4	-1.75	21.25	11	1350,0
4	-1.75	20.25	11	1350,0
4	-0.75	20.25	11	1350,0
4	-0.25	19.75	11	1350,0
4	-0.25	17.75	11	1350,0
4	0.25	17.25	11	1350,0
4	0.25	16.75	11	1350,0
4	-1.25	15.25	11	1350,0
4	-1.75	15.25	11	1350,0
4	-3.75	17.25	11	1350,0
4	-3.75	18.25	11	1350,0
4	-4.75	18.25	11	1350,0
4	-11.25	24.75	11	1350,0
4	-11.25	25.25	11	1350,0
4	-9.75	26.75	11	1350,0
4	-9.75	27.25	11	1350,0
4	-11.75	27.25	11	1350,0
4	-11.75	28.25	11	1350,0
4	-12.25	28.75	11	1350,0
4	-12.75	28.75	11	1350,0
4	-20.75	20.75	11	1350,0
4	-21.25	20.75	11	1350,0
4	-21.75	21.25	11	1350,0
4	-22.75	21.25	11	1350,0
4	-23.25	21.75	11	1350,0
4	-24.75	21.75	11	1350,0
4	-25.75	20.75	11	1350,0
4	-26.25	20.75	11	1350,0
4	-27.25	21.75	11	1350,0
4	-27.25	22.25	11	1350,0
4	-26.25	23.25	11	1350,0
4	-25.75	23.25	11	1350,0
4	-25.25	22.75	11	1350,0
4	-24.75	22.75	11	1350,0
4	-24.75	23.25	11	1350,0
4	-25.25	23.75	11	1350,0
4	-25.25	24.75	11	1350,0
4	-25.75	24.75	11	1350,0
4	-27.25	23.25	11	1350,0
4	-28.25	23.25	11	1350,0
4	-28.75	22.75	11	1350,0
4	-29.25	22.75	11	1350,0
4	-29.25	23.25	11	1350,0
4	-26.75	25.75	11	1350,0
4	-25.75	25.75	11	1350,0
4	-23.75	27.75	11	1350,0
4	-23.75	28.75	11	1350,0
4	-21.25	31.25	11	1350,0
4	-21.25	31.75	11	1350,0
110	-2.25	-0.25	73	1300,0
110	-2.25	0.25	73	1300,0
110	-1.25	1.25	73	1300,0
110	-0.75	1.25	73	1300,0
110	-0.25	0.75	73	1300,0
110	3.25	0.75	73	1300,0
110	4.75	2.25	73	1300,0
110	5.25	2.25	73	1300,0
110	5.25	-0.25	73	1300,0
110	-2.25	-0.25	73	1300,0
110	-44.75	1.25	73	1350,0
110	-44.75	1.75	73	1350,0
110	-44.25	1.75	73	1350,0
110	-43.25	0.75	73	1350,0
110	-42.25	0.75	73	1350,0
110	-41.75	0.25	73	1350,0
110	-41.75	-0.25	73	1350,0
110	-44.25	-0.25	73	1350,0
110	-44.75	0.25	73	1350,0
110	-44.75	1.25	73	1350,0
44	0.25	2.25	39	1300,0
44	0.25	2.75	39	1300,0
44	2.75	5.25	39	1300,0
44	3.25	5.25	39	1300,0
44	5.25	3.25	39	1300,0
44	5.25	2.75	39	1300,0
44	3.25	0.75	39	1300,0
44	-0.25	0.75	39	1300,0
44	-0.25	1.25	39	1300,0
44	0.25	1.75	39	1300,0
44	0.25	2.25	39	1300,0
44	-44.75	3.25	39	1350,0
44	-44.75	3.75	39	1350,0
44	-42.75	5.75	39	1350,0
44	-40.75	5.75	39	1350,0
44	-37.25	9.25	39	1350,0
44	-36.75	9.25	39	1350,0
44	-36.25	8.75	39	1350,0
44	-35.75	8.75	39	1350,0
44	-35.25	9.25	39	1350,0
44	-33.25	9.25	39	1350,0
44	-32.75	9.75	39	1350,0
44	-32.25	9.75	39	1350,0
44	-32.25	9.25	39	1350,0
44	-38.75	2.75	39	1350,0
44	-38.75	2.25	39	1350,0
44	-37.75	1.25	39	1350,0
44	-37.75	0.75	39	1350,0
44	-40.25	0.75	39	1350,0
44	-40.25	1.25	39	1350,0
44	-39.75	1.75	39	1350,0
44	-39.75	3.25	39	1350,0
44	-40.75	3.25	39	1350,0
44	-41.25	3.75	39	1350,0
44	-41.25	4.75	39	1350,0
44	-42.75	4.75	39	1350,0
44	-44.25	3.25	39	1350,0
44	-44.25	2.75	39	1350,0
44	-42.75	1.25	39	1350,0
44	-42.75	0.75	39	1350,0
44	-43.25	0.75	39	1350,0
44	-44.75	2.25	39	1350,0
44	-44.75	3.25	39	1350,0
70	-44.25	7.75	5	1350,0
70	-44.25	8.25	5	1350,0
70	-38.75	13.75	5	1350,0
70	-37.75	13.75	5	1350,0
70	-34.75	16.75	5	1350,0
70	-34.75	17.75	5	1350,0
70	-32.25	17.75	5	1350,0
70	-31.75	17.25	5	1350,0
70	-31.25	17.25	5	1350,0
70	-30.25	18.25	5	1350,0
70	-30.25	18.75	5	1350,0
70	-30.75	19.25	5	1350,0
70	-30.75	19.75	5	1350,0
70	-28.75	21.75	5	1350,0
70	-28.75	22.75	5	1350,0
70	-28.25	23.25	5	1350,0
70	-27.25	23.25	5	1350,0
70	-25.75	24.75	5	1350,0
70	-25.25	24.75	5	1350,0
70	-25.25	23.75	5	1350,0
70	-24.75	23.25	5	1350,0
70	-24.75	22.75	5	1350,0
70	-25.25	22.75	5	1350,0
70	-25.75	23.25	5	1350,0
70	-26.25	23.25	5	1350,0
70	-27.25	22.25	5	1350,0
70	-27.25	21.75	5	1350,0
70	-26.25	20.75	5	1350,0
70	-25.75	20.75	5	1350,0
70	-24.75	21.75	5	1350,0
70	-23.25	21.75	5	1350,0
70	-22.75	21.25	5	1350,0
70	-21.75	21.25	5	1350,0
70	-21.25	20.75	5	1350,0
70	-21.25	20.25	5	1350,0
70	-23.75	17.75	5	1350,0
70	-23.75	17.25	5	1350,0
70	-22.25	15.75	5	1350,0
70	-20.75	15.75	5	1350,0
70	-20.75	16.75	5	1350,0
70	-17.25	20.25	5	1350,0
70	-15.75	20.25	5	1350,0
70	-15.75	19.25	5	1350,0
70	-15.25	19.25	5	1350,0
70	-14.75	19.75	5	1350,0
70	-14.25	19.75	5	1350,0
70	-14.25	19.25	5	1350,0
70	-15.25	18.25	5	1350,0
70	-15.25	17.75	5	1350,0
70	-12.75	15.25	5	1350,0
70	-12.75	14.75	5	1350,0
70	-13.25	14.75	5	1350,0
70	-13.75	15.25	5	1350,0
70	-14.75	15.25	5	1350,0
70	-15.25	15.75	5	1350,0
70	-16.75	15.75	5	1350,0
70	-16.75	15.25	5	1350,0
70	-15.25	13.75	5	1350,0
70	-15.25	13.25	5	1350,0
70	-16.75	13.25	5	1350,0
70	-17.25	13.75	5	1350,0
70	-18.75	13.75	5	1350,0
70	-19.25	13.25	5	1350,0
70	-19.25	12.75	5	1350,0
70	-17.25	10.75	5	1350,0
70	-17.25	10.25	5	1350,0
70	-18.25	9.25	5	1350,0
70	-19.25	9.25	5	1350,0
70	-19.75	8.75	5	1350,0
70	-20.25	8.75	5	1350,0
70	-23.75	12.25	5	1350,0
70	-24.25	12.25	5	1350,0
70	-25.75	10.75	5	1350,0
70	-25.75	10.25	5	1350,0
70	-22.25	6.75	5	1350,0
70	-22.25	6.25	5	1350,0
70	-22.75	6.25	5	1350,0
70	-26.25	9.75	5	1350,0
70	-26.75	9.75	5	1350,0
70	-28.75	7.75	5	1350,0
70	-29.25	7.75	5	1350,0
70	-29.25	8.25	5	1350,0
70	-27.25	10.25	5	1350,0
70	-27.25	10.75	5	1350,0
70	-28.75	12.25	5	1350,0
70	-29.25	12.25	5	1350,0
70	-31.25	10.25	5	1350,0
70	-31.25	9.25	5	1350,0
70	-31.75	9.25	5	1350,0
70	-32.25	9.75	5	1350,0
70	-32.75	9.75	5	1350,0
70	-33.25	9.25	5	1350,0
70	-35.25	9.25	5	1350,0
70	-35.75	8.75	5	1350,0
70	-36.25	8.75	5	1350,0
70	-36.75	9.25	5	1350,0
70	-37.25	9.25	5	1350,0
70	-40.75	5.75	5	1350,0
70	-42.75	5.75	5	1350,0
70	-44.25	4.25	5	1350,0
70	-44.75	4.25	5	1350,0
70	-44.75	4.75	5	1350,0
70	-44.25	5.25	5	1350,0
70	-44.25	6.25	5	1350,0
70	-43.75	6.75	5	1350,0
70	-43.75	7.25	5	1350,0
70	-44.25	7.75	5	1350,0
70	4.25	4.25	5	1300,0
70	4.25	4.75	5	1300,0
70	4.75	4.75	5	1300,0
70	5.25	4.25	5	1300,0
70	5.25	3.75	5	1300,0
70	4.75	3.75	5	1300,0
70	4.25	4.25	5	1300,0
38	-44.25	2.75	36	1350,0
38	-44.25	3.25	36	1350,0
38	-42.75	4.75	36	1350,0
38	-41.25	4.75	36	1350,0
38	-41.25	3.75	36	1350,0
38	-40.75	3.25	36	1350,0
38	-39.75	3.25	36	1350,0
38	-39.75	1.75	36	1350,0
38	-41.25	0.25	36	1350,0
38	-41.75	0.25	36	1350,0
38	-44.25	2.75	36	1350,0
100	-41.25	-0.25	65	1350,0
100	-41.25	0.25	65	1350,0
100	-40.75	0.75	65	1350,0
100	-37.25	0.75	65	1350,0
100	-36.75	0.25	65	1350,0
100	-36.75	-0.25	65	1350,0
100	-41.25	-0.25	65	1350,0
98	-38.75	2.25	63	1350,0
98	-38.75	2.75	63	1350,0
98	-32.25	9.25	63	1350,0
98	-31.25	9.25	63	1350,0
98	-31.25	10.25	63	1350,0
98	-29.25	12.25	63	1350,0
98	-28.75	12.25	63	1350,0
98	-27.25	10.75	63	1350,0
98	-27.25	10.25	63	1350,0
98	-29.25	8.25	63	1350,0
98	-30.25	8.25	63	1350,0
98	-30.25	7.25	63	1350,0
98	-30.75	6.75	63	1350,0
98	-30.75	5.75	63	1350,0
98	-31.75	5.75	63	1350,0
98	-34.25	3.25	63	1350,0
98	-35.25	3.25	63	1350,0
98	-37.25	1.25	63	1350,0
98	-37.75	1.25	63	1350,0
98	-38.75	2.25	63	1350,0
30	-23.75	17.25	3	1350,0
30	-23.75	17.75	3	1350,0
30	-14.25	27.25	3	1350,0
30	-13.75	27.25	3	1350,0
30	-12.25	25.75	3	1350,0
30	-12.25	24.25	3	1350,0
30	-16.25	20.25	3	1350,0
30	-17.25	20.25	3	1350,0
30	-20.75	16.75	3	1350,0
30	-20.75	15.75	3	1350,0
30	-22.25	15.75	3	1350,0
30	-23.75	17.25	3	1350,0
63	-13.75	27.25	45	1350,0
63	-13.75	27.75	45	1350,0
63	-12.75	28.75	45	1350,0
63	-12.25	28.75	45	1350,0
63	-11.75	28.25	45	1350,0
63	-11.75	27.25	45	1350,0
63	-9.75	27.25	45	1350,0
63	-9.75	26.75	45	1350,0
63	-11.25	25.25	45	1350,0
63	-11.25	24.75	45	1350,0
63	-4.75	18.25	45	1350,0
63	-3.75	18.25	45	1350,0
63	-3.75	17.25	45	1350,0
63	-3.25	16.75	45	1350,0
63	-3.25	16.25	45	1350,0
63	-15.25	4.25	45	1350,0
63	-15.25	3.75	45	1350,0
63	-14.25	2.75	45	1350,0
63	-14.25	2.25	45	1350,0
63	-15.75	0.75	45	1350,0
63	-16.25	0.75	45	1350,0
63	-17.25	1.75	45	1350,0
63	-18.25	1.75	45	1350,0
63	-18.75	2.25	45	1350,0
63	-19.25	2.25	45	1350,0
63	-19.75	1.75	45	1350,0
63	-20.25	1.75	45	1350,0
63	-21.25	2.75	45	1350,0
63	-21.75	2.75	45	1350,0
63	-22.25	2.25	45	1350,0
63	-22.75	2.25	45	1350,0
63	-23.75	3.25	45	1350,0
63	-24.25	3.25	45	1350,0
63	-24.75	2.75	45	1350,0
63	-25.75	2.75	45	1350,0
63	-26.25	2.25	45	1350,0
63	-26.75	2.25	45	1350,0
63	-27.75	3.25	45	1350,0
63	-28.25	3.25	45	1350,0
63	-29.25	2.25	45	1350,0
63	-29.75	2.25	45	1350,0
63	-30.25	2.75	45	1350,0
63	-31.25	2.75	45	1350,0
63	-31.25	3.75	45	1350,0
63	-31.75	4.25	45	1350,0
63	-32.25	4.25	45	1350,0
63	-34.75	1.75	45	1350,0
63	-35.75	1.75	45	1350,0
63	-36.75	0.75	45	1350,0
63	-37.25	0.75	45	1350,0
63	-37.25	1.25	45	1350,0
63	-35.25	3.25	45	1350,0
63	-34.25	3.25	45	1350,0
63	-31.75	5.75	45	1350,0
63	-30.75	5.75	45	1350,0
63	-30.75	6.75	45	1350,0
63	-30.25	7.25	45	1350,0
63	-30.25	8.25	45	1350,0
63	-29.75	8.25	45	1350,0
63	-29.25	7.75	45	1350,0
63	-28.75	7.75	45	1350,0
63	-26.75	9.75	45	1350,0
63	-26.25	9.75	45	1350,0
63	-22.75	6.25	45	1350,0
63	-20.75	6.25	45	1350,0
63	-19.75	5.25	45	1350,0
63	-19.25	5.25	45	1350,0
63	-18.25	6.25	45	1350,0
63	-18.25	6.75	45	1350,0
63	-19.75	8.25	45	1350,0
63	-19.75	8.75	45	1350,0
63	-19.25	9.25	45	1350,0
63	-18.25	9.25	45	1350,0
63	-17.25	10.25	45	1350,0
63	-17.25	10.75	45	1350,0
63	-19.25	12.75	45	1350,0
63	-19.25	13.25	45	1350,0
63	-18.75	13.75	45	1350,0
63	-17.25	13.75	45	1350,0
63	-16.75	13.25	45	1350,0
63	-15.25	13.25	45	1350,0
63	-15.25	13.75	45	1350,0
63	-16.75	15.25	45	1350,0
63	-16.75	15.75	45	1350,0
63	-15.25	15.75	45	1350,0
63	-14.75	15.25	45	1350,0
63	-13.75	15.25	45	1350,0
63	-13.25	14.75	45	1350,0
63	-12.75	14.75	45	1350,0
63	-12.75	15.25	45	1350,0
63	-15.25	17.75	45	1350,0
63	-15.25	18.25	45	1350,0
63	-14.25	19.25	45	1350,0
63	-14.25	19.75	45	1350,0
63	-14.75	19.75	45	1350,0
63	-15.25	19.25	45	1350,0
63	-15.75	19.25	45	1350,0
63	-15.75	20.75	45	1350,0
63	-12.25	24.25	45	1350,0
63	-12.25	25.75	45	1350,0
63	-13.75	27.25	45	1350,0
125	-9.75	31.25	86	1350,0
125	-9.75	31.75	86	1350,0
125	-8.75	32.75	86	1350,0
125	-8.25	32.75	86	1350,0
125	-6.75	31.25	86	1350,0
125	-6.75	30.75	86	1350,0
125	-7.75	29.75	86	1350,0
125	-8.25	29.75	86	1350,0
125	-9.75	31.25	86	1350,0
13	-7.25	33.75	18	1350,0
13	-7.25	34.25	18	1350,0
13	-4.25	37.25	18	1350,0
13	-3.75	37.25	18	1350,0
13	-1.75	35.25	18	1350,0
13	-1.75	34.75	18	1350,0
13	-2.75	33.75	18	1350,0
13	-3.75	33.75	18	1350,0
13	-5.25	32.25	18	1350,0
13	-5.75	32.25	18	1350,0
13	-7.25	33.75	18	1350,0
32	-1.25	39.75	31	1350,0
32	-1.25	40.25	31	1350,0
32	1.25	42.75	31	1350,0
32	1.75	42.75	31	1350,0
32	4.75	39.75	31	1350,0
32	4.75	30.25	31	1350,0
32	4.25	30.25	31	1350,0
32	4.25	31.25	31	1350,0
32	3.25	31.25	31	1350,0
32	-0.75	35.25	31	1350,0
32	-0.75	35.75	31	1350,0
32	0.75	37.25	31	1350,0
32	0.75	37.75	31	1350,0
32	-1.25	39.75	31	1350,0
32	-45.25	38.75	31	1400,0
32	-45.25	39.25	31	1400,0
32	-44.75	39.25	31	1400,0
32	-36.75	31.25	31	1400,0
32	-36.75	30.75	31	1400,0
32	-38.75	30.75	31	1400,0
32	-39.25	30.25	31	1400,0
32	-39.75	30.25	31	1400,0
32	-40.25	30.75	31	1400,0
32	-40.75	30.75	31	1400,0
32	-41.25	30.25	31	1400,0
32	-41.75	30.25	31	1400,0
32	-41.75	30.75	31	1400,0
32	-41.25	31.25	31	1400,0
32	-41.25	32.75	31	1400,0
32	-42.75	32.75	31	1400,0
32	-43.25	32.25	31	1400,0
32	-43.25	30.75	31	1400,0
32	-42.75	30.25	31	1400,0
32	-42.75	29.75	31	1400,0
32	-43.25	29.25	31	1400,0
32	-43.75	29.25	31	1400,0
32	-44.25	29.75	31	1400,0
32	-45.25	29.75	31	1400,0
32	-45.25	38.75	31	1400,0
76	-36.75	0.25	55	1350,0
76	-36.75	0.75	55	1350,0
76	-35.75	1.75	55	1350,0
76	-34.75	1.75	55	1350,0
76	-32.25	4.25	55	1350,0
76	-31.75	4.25	55	1350,0
76	-31.25	3.75	55	1350,0
76	-31.25	2.75	55	1350,0
76	-30.25	2.75	55	1350,0
76	-29.75	2.25	55	1350,0
76	-29.25	2.25	55	1350,0
76	-28.25	3.25	55	1350,0
76	-27.75	3.25	55	1350,0
76	-26.75	2.25	55	1350,0
76	-26.25	2.25	55	1350,0
76	-25.75	2.75	55	1350,0
76	-24.75	2.75	55	1350,0
76	-24.25	3.25	55	1350,0
76	-23.75	3.25	55	1350,0
76	-22.75	2.25	55	1350,0
76	-22.25	2.25	55	1350,0
76	-21.75	2.75	55	1350,0
76	-21.25	2.75	55	1350,0
76	-20.25	1.75	55	1350,0
76	-19.75	1.75	55	1350,0
76	-19.25	2.25	55	1350,0
76	-18.75	2.25	55	1350,0
76	-18.25	1.75	55	1350,0
76	-18.25	1.25	55	1350,0
76	-18.75	0.75	55	1350,0
76	-24.25	0.75	55	1350,0
76	-24.75	1.25	55	1350,0
76	-25.25	1.25	55	1350,0
76	-25.75	0.75	55	1350,0
76	-29.25	0.75	55	1350,0
76	-29.75	1.25	55	1350,0
76	-30.25	1.25	55	1350,0
76	-30.75	0.75	55	1350,0
76	-32.25	0.75	55	1350,0
76	-32.75	1.25	55	1350,0
76	-33.25	1.25	55	1350,0
76	-33.75	0.75	55	1350,0
76	-35.75	0.75	55	1350,0
76	-36.25	0.25	55	1350,0
76	-36.75	0.25	55	1350,0
7	-6.75	30.25	14	1350,0
7	-6.75	30.75	14	1350,0
7	-5.75	31.75	14	1350,0
7	-5.25	31.75	14	1350,0
7	-5.25	31.25	14	1350,0
7	-5.75	30.75	14	1350,0
7	-5.75	29.25	14	1350,0
7	-2.75	26.25	14	1350,0
7	-1.25	26.25	14	1350,0
7	-0.75	26.75	14	1350,0
7	-0.75	28.75	14	1350,0
7	-0.25	28.75	14	1350,0
7	0.25	28.25	14	1350,0
7	0.75	28.25	14	1350,0
7	1.25	28.75	14	1350,0
7	1.25	29.25	14	1350,0
7	-1.25	31.75	14	1350,0
7	-1.25	32.25	14	1350,0
7	-0.75	32.75	14	1350,0
7	-0.75	33.25	14	1350,0
7	-1.25	33.25	14	1350,0
7	-1.75	32.75	14	1350,0
7	-2.25	32.75	14	1350,0
7	-2.75	33.25	14	1350,0
7	-2.75	33.75	14	1350,0
7	-1.75	34.75	14	1350,0
7	-1.25	34.75	14	1350,0
7	2.75	30.75	14	1350,0
7	3.25	30.75	14	1350,0
7	3.75	31.25	14	1350,0
7	4.25	31.25	14	1350,0
7	4.25	28.75	14	1350,0
7	3.25	27.75	14	1350,0
7	1.25	27.75	14	1350,0
7	1.25	27.25	14	1350,0
7	2.75	25.75	14	1350,0
7	2.75	24.75	14	1350,0
7	3.75	24.75	14	1350,0
7	4.75	23.75	14	1350,0
7	4.75	19.25	14	1350,0
7	4.25	18.75	14	1350,0
7	3.25	18.75	14	1350,0
7	0.75	16.25	14	1350,0
7	0.75	15.75	14	1350,0
7	1.25	15.25	14	1350,0
7	2.25	15.25	14	1350,0
7	2.25	14.25	14	1350,0
7	2.75	14.25	14	1350,0
7	4.25	15.75	14	1350,0
7	4.75	15.75	14	1350,0
7	4.75	10.25	14	1350,0
7	4.25	9.75	14	1350,0
7	3.75	9.75	14	1350,0
7	1.25	12.25	14	1350,0
7	0.25	12.25	14	1350,0
7	-0.75	13.25	14	1350,0
7	-0.75	14.25	14	1350,0
7	-1.25	14.75	14	1350,0
7	-1.25	15.25	14	1350,0
7	0.25	16.75	14	1350,0
7	0.25	17.25	14	1350,0
7	-0.25	17.75	14	1350,0
7	-0.25	19.75	14	1350,0
7	-0.75	20.25	14	1350,0
7	-1.75	20.25	14	1350,0
7	-1.75	21.25	14	1350,0
7	-2.25	21.75	14	1350,0
7	-2.25	22.25	14	1350,0
7	-1.75	22.75	14	1350,0
7	-1.75	23.25	14	1350,0
7	-2.25	23.75	14	1350,0
7	-2.75	23.75	14	1350,0
7	-3.25	23.25	14	1350,0
7	-3.75	23.25	14	1350,0
7	-3.75	23.75	14	1350,0
7	-3.25	24.25	14	1350,0
7	-3.25	24.75	14	1350,0
7	-7.25	28.75	14	1350,0
7	-7.25	29.25	14	1350,0
7	-6.75	29.75	14	1350,0
7	-6.75	30.25	14	1350,0
7	-45.25	22.75	14	1400,0
7	-45.25	23.25	14	1400,0
7	-44.75	23.25	14	1400,0
7	-43.75	22.25	14	1400,0
7	-43.75	21.75	14	1400,0
7	-44.25	21.25	14	1400,0
7	-44.25	20.75	14	1400,0
7	-42.75	19.25	14	1400,0
7	-42.25	19.25	14	1400,0
7	-39.25	22.25	14	1400,0
7	-39.25	22.75	14	1400,0
7	-41.25	24.75	14	1400,0
7	-41.75	24.75	14	1400,0
7	-42.75	23.75	14	1400,0
7	-43.25	23.75	14	1400,0
7	-43.25	24.25	14	1400,0
7	-42.25	25.25	14	1400,0
7	-42.25	26.25	14	1400,0
7	-41.75	26.25	14	1400,0
7	-41.25	25.75	14	1400,0
7	-40.75	25.75	14	1400,0
7	-39.25	27.25	14	1400,0
7	-39.25	28.25	14	1400,0
7	-38.75	28.75	14	1400,0
7	-37.75	28.75	14	1400,0
7	-36.25	30.25	14	1400,0
7	-35.75	30.25	14	1400,0
7	-35.75	29.75	14	1400,0
7	-38.25	27.25	14	1400,0
7	-38.25	26.75	14	1400,0
7	-36.75	25.25	14	1400,0
7	-36.25	25.25	14	1400,0
7	-35.75	25.75	14	1400,0
7	-35.25	25.75	14	1400,0
7	-34.75	25.25	14	1400,0
7	-34.75	24.75	14	1400,0
7	-35.25	24.25	14	1400,0
7	-35.25	23.75	14	1400,0
7	-34.25	22.75	14	1400,0
7	-33.75	22.75	14	1400,0
7	-33.25	23.25	14	1400,0
7	-32.75	23.25	14	1400,0
7	-32.25	22.75	14	1400,0
7	-32.25	21.25	14	1400,0
7	-32.75	21.25	14	1400,0
7	-33.25	21.75	14	1400,0
7	-34.75	21.75	14	1400,0
7	-35.25	21.25	14	1400,0
7	-35.25	19.75	14	1400,0
7	-30.25	14.75	14	1400,0
7	-29.25	14.75	14	1400,0
7	-27.25	12.75	14	1400,0
7	-27.25	11.75	14	1400,0
7	-26.75	11.25	14	1400,0
7	-26.25	11.25	14	1400,0
7	-25.25	12.25	14	1400,0
7	-25.25	12.75	14	1400,0
7	-30.25	17.75	14	1400,0
7	-30.25	18.25	14	1400,0
7	-29.25	18.25	14	1400,0
7	-28.75	18.75	14	1400,0
7	-28.75	19.75	14	1400,0
7	-27.25	19.75	14	1400,0
7	-22.75	15.25	14	1400,0
7	-22.25	15.25	14	1400,0
7	-21.75	15.75	14	1400,0
7	-21.25	15.75	14	1400,0
7	-8.25	2.75	14	1400,0
7	-8.25	2.25	14	1400,0
7	-8.75	1.75	14	1400,0
7	-9.25	1.75	14	1400,0
7	-9.25	2.75	14	1400,0
7	-9.75	2.75	14	1400,0
7	-10.25	2.25	14	1400,0
7	-11.25	2.25	14	1400,0
7	-11.25	1.25	14	1400,0
7	-11.75	0.75	14	1400,0
7	-12.25	0.75	14	1400,0
7	-13.25	1.75	14	1400,0
7	-13.25	2.25	14	1400,0
7	-12.75	2.75	14	1400,0
7	-11.75	2.75	14	1400,0
7	-11.75	3.25	14	1400,0
7	-12.25	3.75	14	1400,0
7	-13.25	3.75	14	1400,0
7	-14.25	4.75	14	1400,0
7	-14.75	4.75	14	1400,0
7	-15.25	4.25	14	1400,0
7	-15.25	3.75	14	1400,0
7	-14.25	2.75	14	1400,0
7	-14.25	2.25	14	1400,0
7	-15.25	1.25	14	1400,0
7	-15.75	1.25	14	1400,0
7	-20.25	5.75	14	1400,0
7	-21.25	5.75	14	1400,0
7	-21.75	6.25	14	1400,0
7	-21.75	7.25	14	1400,0
7	-22.25	7.25	14	1400,0
7	-22.75	6.75	14	1400,0
7	-22.75	5.75	14	1400,0
7	-23.75	4.75	14	1400,0
7	-24.75	4.75	14	1400,0
7	-25.25	4.25	14	1400,0
7	-25.75	4.25	14	1400,0
7	-26.75	5.25	14	1400,0
7	-27.25	5.25	14	1400,0
7	-27.75	4.75	14	1400,0
7	-28.25	4.75	14	1400,0
7	-29.75	6.25	14	1400,0
7	-29.75	6.75	14	1400,0
7	-28.25	8.25	14	1400,0
7	-28.25	9.25	14	1400,0
7	-27.25	10.25	14	1400,0
7	-27.25	10.75	14	1400,0
7	-28.25	11.75	14	1400,0
7	-28.25	12.75	14	1400,0
7	-29.75	12.75	14	1400,0
7	-30.75	11.75	14	1400,0
7	-30.75	10.75	14	1400,0
7	-31.25	10.25	14	1400,0
7	-31.75	10.25	14	1400,0
7	-34.25	12.75	14	1400,0
7	-34.75	12.75	14	1400,0
7	-35.25	12.25	14	1400,0
7	-35.25	11.75	14	1400,0
7	-30.75	7.25	14	1400,0
7	-30.75	6.75	14	1400,0
7	-31.25	6.25	14	1400,0
7	-31.75	6.25	14	1400,0
7	-36.25	10.75	14	1400,0
7	-36.75	10.75	14	1400,0
7	-37.75	9.75	14	1400,0
7	-37.75	9.25	14	1400,0
7	-36.75	8.25	14	1400,0
7	-36.75	7.75	14	1400,0
7	-37.25	7.25	14	1400,0
7	-37.25	6.75	14	1400,0
7	-36.75	6.25	14	1400,0
7	-36.75	5.75	14	1400,0
7	-37.25	5.25	14	1400,0
7	-37.25	4.75	14	1400,0
7	-35.25	2.75	14	1400,0
7	-35.25	2.25	14	1400,0
7	-36.75	0.75	14	1400,0
7	-37.25	0.75	14	1400,0
7	-39.75	3.25	14	1400,0
7	-39.75	3.75	14	1400,0
7	-39.25	3.75	14	1400,0
7	-38.75	3.25	14	1400,0
7	-38.25	3.25	14	1400,0
7	-37.75	3.75	14	1400,0
7	-37.75	4.25	14	1400,0
7	-38.75	4.25	14	1400,0
7	-38.75	6.25	14	1400,0
7	-39.75	7.25	14	1400,0
7	-39.75	8.75	14	1400,0
7	-38.75	9.75	14	1400,0
7	-38.75	10.25	14	1400,0
7	-39.75	10.25	14	1400,0
7	-39.75	11.25	14	1400,0
7	-40.25	11.25	14	1400,0
7	-40.75	10.75	14	1400,0
7	-41.25	10.75	14	1400,0
7	-41.75	11.25	14	1400,0
7	-41.75	11.75	14	1400,0
7	-41.25	12.25	14	1400,0
7	-41.25	12.75	14	1400,0
7	-41.75	13.25	14	1400,0
7	-42.25	13.25	14	1400,0
7	-44.75	10.75	14	1400,0
7	-45.25	10.75	14	1400,0
7	-45.25	16.25	14	1400,0
7	-43.75	17.75	14	1400,0
7	-43.75	18.25	14	1400,0
7	-45.25	19.75	14	1400,0
7	-45.25	22.75	14	1400,0
121	-5.25	31.75	82	1350,0
121	-5.25	32.25	82	1350,0
121	-3.75	33.75	82	1350,0
121	-3.25	33.75	82	1350,0
121	-2.25	32.75	82	1350,0
121	-1.75	32.75	82	1350,0
121	-1.25	33.25	82	1350,0
121	-0.75	33.25	82	1350,0
121	-0.75	32.75	82	1350,0
121	-1.25	32.25	82	1350,0
121	-1.25	31.75	82	1350,0
121	1.25	29.25	82	1350,0
121	1.25	28.75	82	1350,0
121	0.75	28.25	82	1350,0
121	0.25	28.25	82	1350,0
121	-0.25	28.75	82	1350,0
121	-0.75	28.75	82	1350,0
121	-0.75	26.75	82	1350,0
121	-1.25	26.25	82	1350,0
121	-2.75	26.25	82	1350,0
121	-5.75	29.25	82	1350,0
121	-5.75	30.75	82	1350,0
121	-5.25	31.25	82	1350,0
121	-5.25	31.75	82	1350,0
28	-36.25	-0.25	28	1350,0
28	-36.25	0.25	28	1350,0
28	-35.75	0.75	28	1350,0
28	-33.75	0.75	28	1350,0
28	-33.25	1.25	28	1350,0
28	-32.75	1.25	28	1350,0
28	-32.25	0.75	28	1350,0
28	-30.75	0.75	28	1350,0
28	-30.25	1.25	28	1350,0
28	-29.75	1.25	28	1350,0
28	-29.25	0.75	28	1350,0
28	-25.75	0.75	28	1350,0
28	-25.25	1.25	28	1350,0
28	-24.75	1.25	28	1350,0
28	-24.25	0.75	28	1350,0
28	-18.75	0.75	28	1350,0
28	-17.75	1.75	28	1350,0
28	-17.25	1.75	28	1350,0
28	-16.25	0.75	28	1350,0
28	-12.25	0.75	28	1350,0
28	-11.75	0.25	28	1350,0
28	-11.75	-0.25	28	1350,0
28	-36.25	-0.25	28	1350,0
123	-25.75	10.25	84	1350,0
123	-25.75	10.75	84	1350,0
123	-24.25	12.25	84	1350,0
123	-23.75	12.25	84	1350,0
123	-18.25	6.75	84	1350,0
123	-18.25	6.25	84	1350,0
123	-19.25	5.25	84	1350,0
123	-19.75	5.25	84	1350,0
123	-20.75	6.25	84	1350,0
123	-21.75	6.25	84	1350,0
123	-25.75	10.25	84	1350,0
116	1.25	27.25	79	1350,0
116	1.25	27.75	79	1350,0
116	3.25	27.75	79	1350,0
116	4.25	28.75	79	1350,0
116	4.25	29.75	79	1350,0
116	4.75	29.75	79	1350,0
116	4.75	24.25	79	1350,0
116	4.25	24.25	79	1350,0
116	3.75	24.75	79	1350,0
116	2.75	24.75	79	1350,0
116	2.75	25.75	79	1350,0
116	1.25	27.25	79	1350,0
116	-43.25	31.75	79	1400,0
116	-43.25	32.25	79	1400,0
116	-42.75	32.75	79	1400,0
116	-41.25	32.75	79	1400,0
116	-41.25	31.25	79	1400,0
116	-41.75	30.75	79	1400,0
116	-41.75	30.25	79	1400,0
116	-41.25	30.25	79	1400,0
116	-40.75	30.75	79	1400,0
116	-40.25	30.75	79	1400,0
116	-39.75	30.25	79	1400,0
116	-39.25	30.25	79	1400,0
116	-38.75	30.75	79	1400,0
116	-36.25	30.75	79	1400,0
116	-36.25	30.25	79	1400,0
116	-37.75	28.75	79	1400,0
116	-38.75	28.75	79	1400,0
116	-39.25	28.25	79	1400,0
116	-39.25	27.25	79	1400,0
116	-40.75	25.75	79	1400,0
116	-41.25	25.75	79	1400,0
116	-41.75	26.25	79	1400,0
116	-42.25	26.25	79	1400,0
116	-42.25	25.25	79	1400,0
116	-43.25	24.25	79	1400,0
116	-43.25	23.75	79	1400,0
116	-42.75	23.75	79	1400,0
116	-41.75	24.75	79	1400,0
116	-41.25	24.75	79	1400,0
116	-41.25	24.25	79	1400,0
116	-42.25	23.25	79	1400,0
116	-42.25	21.75	79	1400,0
116	-41.75	21.25	79	1400,0
116	-40.75	21.25	79	1400,0
116	-40.75	20.75	79	1400,0
116	-42.25	19.25	79	1400,0
116	-42.75	19.25	79	1400,0
116	-44.25	20.75	79	1400,0
116	-44.25	21.25	79	1400,0
116	-43.75	21.75	79	1400,0
116	-43.75	22.25	79	1400,0
116	-45.25	23.75	79	1400,0
116	-45.25	29.25	79	1400,0
116	-44.75	29.75	79	1400,0
116	-44.25	29.75	79	1400,0
116	-43.75	29.25	79	1400,0
116	-43.25	29.25	79	1400,0
116	-42.75	29.75	79	1400,0
116	-42.75	30.25	79	1400,0
116	-43.25	30.75	79	1400,0
116	-43.25	31.75	79	1400,0
19	-15.25	3.75	20	1350,0
19	-15.25	4.25	20	1350,0
19	-3.25	16.25	20	1350,0
19	-2.75	16.25	20	1350,0
19	-0.75	14.25	20	1350,0
19	-0.75	13.75	20	1350,0
19	-1.75	13.75	20	1350,0
19	-10.75	4.75	20	1350,0
19	-10.75	4.25	20	1350,0
19	-10.25	3.75	20	1350,0
19	-9.25	3.75	20	1350,0
19	-8.75	3.25	20	1350,0
19	-8.75	2.75	20	1350,0
19	-9.75	1.75	20	1350,0
19	-10.75	1.75	20	1350,0
19	-11.75	0.75	20	1350,0
19	-15.25	0.75	20	1350,0
19	-15.25	1.25	20	1350,0
19	-14.25	2.25	20	1350,0
19	-14.25	2.75	20	1350,0
19	-15.25	3.75	20	1350,0
5	-10.75	4.25	12	1350,0
5	-10.75	4.75	12	1350,0
5	-1.75	13.75	12	1350,0
5	-1.25	13.75	12	1350,0
5	0.25	12.25	12	1350,0
5	0.25	11.75	12	1350,0
5	-8.25	3.25	12	1350,0
5	-8.75	3.25	12	1350,0
5	-9.25	3.75	12	1350,0
5	-10.25	3.75	12	1350,0
5	-10.75	4.25	12	1350,0
120	0.75	15.75	81	1350,0
120	0.75	16.25	81	1350,0
120	3.25	18.75	81	1350,0
120	4.75	18.75	81	1350,0
120	4.75	16.25	81	1350,0
120	2.75	14.25	81	1350,0
120	2.25	14.25	81	1350,0
120	2.25	15.25	81	1350,0
120	1.25	15.25	81	1350,0
120	0.75	15.75	81	1350,0
120	-45.25	18.75	81	1400,0
120	-45.25	19.25	81	1400,0
120	-44.75	19.25	81	1400,0
120	-43.75	18.25	81	1400,0
120	-43.75	17.75	81	1400,0
120	-44.75	16.75	81	1400,0
120	-45.25	16.75	81	1400,0
120	-45.25	18.75	81	1400,0
71	-42.25	22.75	50	1400,0
71	-42.25	23.25	50	1400,0
71	-41.25	24.25	50	1400,0
71	-40.75	24.25	50	1400,0
71	-39.25	22.75	50	1400,0
71	-39.25	22.25	50	1400,0
71	-40.25	21.25	50	1400,0
71	-41.75	21.25	50	1400,0
71	-42.25	21.75	50	1400,0
71	-42.25	22.75	50	1400,0
23	-38.25	26.75	24	1400,0
23	-38.25	27.25	24	1400,0
23	-35.75	29.75	24	1400,0
23	-35.25	29.75	24	1400,0
23	-21.75	16.25	24	1400,0
23	-21.75	15.75	24	1400,0
23	-22.25	15.25	24	1400,0
23	-22.75	15.25	24	1400,0
23	-27.25	19.75	24	1400,0
23	-28.75	19.75	24	1400,0
23	-28.75	18.75	24	1400,0
23	-29.25	18.25	24	1400,0
23	-30.25	18.25	24	1400,0
23	-30.25	17.75	24	1400,0
23	-25.25	12.75	24	1400,0
23	-25.25	12.25	24	1400,0
23	-26.25	11.25	24	1400,0
23	-26.75	11.25	24	1400,0
23	-27.25	11.75	24	1400,0
23	-27.25	12.75	24	1400,0
23	-29.25	14.75	24	1400,0
23	-30.25	14.75	24	1400,0
23	-35.25	19.75	24	1400,0
23	-35.25	21.25	24	1400,0
23	-34.75	21.75	24	1400,0
23	-33.25	21.75	24	1400,0
23	-32.75	21.25	24	1400,0
23	-32.25	21.25	24	1400,0
23	-32.25	22.75	24	1400,0
23	-32.75	23.25	24	1400,0
23	-33.25	23.25	24	1400,0
23	-33.75	22.75	24	1400,0
23	-34.25	22.75	24	1400,0
23	-35.25	23.75	24	1400,0
23	-35.25	24.25	24	1400,0
23	-34.75	24.75	24	1400,0
23	-34.75	25.25	24	1400,0
23	-35.25	25.75	24	1400,0
23	-35.75	25.75	24	1400,0
23	-36.25	25.25	24	1400,0
23	-36.75	25.25	24	1400,0
23	-38.25	26.75	24	1400,0
36	-11.75	0.25	34	1350,0
36	-11.75	0.75	34	1350,0
36	-10.75	1.75	34	1350,0
36	-9.75	1.75	34	1350,0
36	-6.25	5.25	34	1350,0
36	-5.75	5.25	34	1350,0
36	-5.25	4.75	34	1350,0
36	-5.25	3.75	34	1350,0
36	-4.75	3.25	34	1350,0
36	-4.25	3.25	34	1350,0
36	-3.75	3.75	34	1350,0
36	-2.75	3.75	34	1350,0
36	-2.75	4.75	34	1350,0
36	-1.75	4.75	34	1350,0
36	-0.25	6.25	34	1350,0
36	0.25	6.25	34	1350,0
36	1.75	4.75	34	1350,0
36	3.75	4.75	34	1350,0
36	3.75	3.75	34	1350,0
36	4.75	2.75	34	1350,0
36	4.75	1.25	34	1350,0
36	4.25	0.75	34	1350,0
36	1.75	0.75	34	1350,0
36	1.25	1.25	34	1350,0
36	0.75	1.25	34	1350,0
36	-0.25	0.25	34	1350,0
36	-0.75	0.25	34	1350,0
36	-3.25	2.75	34	1350,0
36	-3.75	2.75	34	1350,0
36	-5.75	0.75	34	1350,0
36	-10.75	0.75	34	1350,0
36	-11.25	0.25	34	1350,0
36	-11.75	0.25	34	1350,0
36	-45.25	1.75	34	1400,0
36	-45.25	2.25	34	1400,0
36	-44.25	3.25	34	1400,0
36	-43.25	3.25	34	1400,0
36	-42.25	4.25	34	1400,0
36	-41.75	4.25	34	1400,0
36	-40.75	3.25	34	1400,0
36	-39.75	3.25	34	1400,0
36	-37.75	1.25	34	1400,0
36	-37.75	0.75	34	1400,0
36	-45.25	0.75	34	1400,0
36	-45.25	1.75	34	1400,0
6	-11.25	-0.25	13	1350,0
6	-11.25	0.25	13	1350,0
6	-10.75	0.75	13	1350,0
6	-5.75	0.75	13	1350,0
6	-3.75	2.75	13	1350,0
6	-3.25	2.75	13	1350,0
6	-0.75	0.25	13	1350,0
6	-0.75	-0.25	13	1350,0
6	-11.25	-0.25	13	1350,0
57	-5.75	5.25	40	1350,0
57	-5.75	5.75	40	1350,0
57	0.75	12.25	40	1350,0
57	1.25	12.25	40	1350,0
57	4.75	8.75	40	1350,0
57	4.75	3.25	40	1350,0
57	4.25	3.25	40	1350,0
57	3.75	3.75	40	1350,0
57	3.75	4.75	40	1350,0
57	1.75	4.75	40	1350,0
57	0.25	6.25	40	1350,0
57	-0.25	6.25	40	1350,0
57	-1.75	4.75	40	1350,0
57	-2.75	4.75	40	1350,0
57	-2.75	3.75	40	1350,0
57	-3.75	3.75	40	1350,0
57	-4.25	3.25	40	1350,0
57	-4.75	3.25	40	1350,0
57	-5.25	3.75	40	1350,0
57	-5.25	4.75	40	1350,0
57	-5.75	5.25	40	1350,0
57	-45.25	7.75	40	1400,0
57	-45.25	8.25	40	1400,0
57	-44.75	8.25	40	1400,0
57	-40.25	3.75	40	1400,0
57	-40.25	3.25	40	1400,0
57	-40.75	3.25	40	1400,0
57	-41.75	4.25	40	1400,0
57	-42.25	4.25	40	1400,0
57	-43.25	3.25	40	1400,0
57	-44.25	3.25	40	1400,0
57	-44.75	2.75	40	1400,0
57	-45.25	2.75	40	1400,0
57	-45.25	7.75	40	1400,0
115	4.25	9.25	78	1350,0
115	4.25	9.75	78	1350,0
115	4.75	9.75	78	1350,0
115	4.75	9.25	78	1350,0
115	4.25	9.25	78	1350,0
115	-45.25	9.75	78	1400,0
115	-45.25	10.25	78	1400,0
115	-42.25	13.25	78	1400,0
115	-41.75	13.25	78	1400,0
115	-41.25	12.75	78	1400,0
115	-41.25	12.25	78	1400,0
115	-41.75	11.75	78	1400,0
115	-41.75	11.25	78	1400,0
115	-41.25	10.75	78	1400,0
115	-40.75	10.75	78	1400,0
115	-40.25	11.25	78	1400,0
115	-39.75	11.25	78	1400,0
115	-39.75	10.25	78	1400,0
115	-38.75	10.25	78	1400,0
115	-38.75	9.75	78	1400,0
115	-39.75	8.75	78	1400,0
115	-39.75	7.25	78	1400,0
115	-38.75	6.25	78	1400,0
115	-38.75	4.25	78	1400,0
115	-37.75	4.25	78	1400,0
115	-37.75	3.75	78	1400,0
115	-38.25	3.25	78	1400,0
115	-38.75	3.25	78	1400,0
115	-39.25	3.75	78	1400,0
115	-40.25	3.75	78	1400,0
115	-45.25	8.75	78	1400,0
115	-45.25	9.75	78	1400,0
69	-0.25	-0.25	49	1350,0
69	-0.25	0.25	49	1350,0
69	0.75	1.25	49	1350,0
69	1.25	1.25	49	1350,0
69	1.75	0.75	49	1350,0
69	4.75	0.75	49	1350,0
69	4.75	0.25	49	1350,0
69	4.25	-0.25	49	1350,0
69	-0.25	-0.25	49	1350,0
69	-45.25	-0.25	49	1400,0
69	-45.25	0.25	49	1400,0
69	-44.75	0.75	49	1400,0
69	-31.75	0.75	49	1400,0
69	-31.25	1.25	49	1400,0
69	-30.75	1.25	49	1400,0
69	-30.25	0.75	49	1400,0
69	-29.25	0.75	49	1400,0
69	-28.75	0.25	49	1400,0
69	-28.75	-0.25	49	1400,0
69	-45.25	-0.25	49	1400,0
21	-37.75	9.25	22	1400,0
21	-37.75	9.75	22	1400,0
21	-36.75	10.75	22	1400,0
21	-36.25	10.75	22	1400,0
21	-31.75	6.25	22	1400,0
21	-31.25	6.25	22	1400,0
21	-30.75	6.75	22	1400,0
21	-30.75	7.25	22	1400,0
21	-35.25	11.75	22	1400,0
21	-35.25	12.25	22	1400,0
21	-34.75	12.75	22	1400,0
21	-34.25	12.75	22	1400,0
21	-31.75	10.25	22	1400,0
21	-31.25	10.25	22	1400,0
21	-30.75	10.75	22	1400,0
21	-30.75	11.75	22	1400,0
21	-29.75	12.75	22	1400,0
21	-28.25	12.75	22	1400,0
21	-28.25	11.75	22	1400,0
21	-27.25	10.75	22	1400,0
21	-27.25	10.25	22	1400,0
21	-28.25	9.25	22	1400,0
21	-28.25	8.25	22	1400,0
21	-29.75	6.75	22	1400,0
21	-29.75	6.25	22	1400,0
21	-28.25	4.75	22	1400,0
21	-27.75	4.75	22	1400,0
21	-27.25	5.25	22	1400,0
21	-26.75	5.25	22	1400,0
21	-25.75	4.25	22	1400,0
21	-25.25	4.25	22	1400,0
21	-24.75	4.75	22	1400,0
21	-23.75	4.75	22	1400,0
21	-22.75	5.75	22	1400,0
21	-22.75	6.75	22	1400,0
21	-22.25	7.25	22	1400,0
21	-21.75	7.25	22	1400,0
21	-21.75	6.25	22	1400,0
21	-21.25	5.75	22	1400,0
21	-20.25	5.75	22	1400,0
21	-15.75	1.25	22	1400,0
21	-15.75	0.75	22	1400,0
21	-27.75	0.75	22	1400,0
21	-28.25	0.25	22	1400,0
21	-28.75	0.25	22	1400,0
21	-29.25	0.75	22	1400,0
21	-30.25	0.75	22	1400,0
21	-30.75	1.25	22	1400,0
21	-31.25	1.25	22	1400,0
21	-31.75	0.75	22	1400,0
21	-36.25	0.75	22	1400,0
21	-36.25	1.25	22	1400,0
21	-35.25	2.25	22	1400,0
21	-35.25	2.75	22	1400,0
21	-37.25	4.75	22	1400,0
21	-37.25	5.25	22	1400,0
21	-36.75	5.75	22	1400,0
21	-36.75	6.25	22	1400,0
21	-37.25	6.75	22	1400,0
21	-37.25	7.25	22	1400,0
21	-36.75	7.75	22	1400,0
21	-36.75	8.25	22	1400,0
21	-37.75	9.25	22	1400,0
93	-28.25	-0.25	60	1400,0
93	-28.25	0.25	60	1400,0
93	-27.75	0.75	60	1400,0
93	-14.75	0.75	60	1400,0
93	-14.25	1.25	60	1400,0
93	-13.75	1.25	60	1400,0
93	-13.25	0.75	60	1400,0
93	-12.25	0.75	60	1400,0
93	-11.75	0.25	60	1400,0
93	-11.75	-0.25	60	1400,0
93	-28.25	-0.25	60	1400,0
80	-15.25	3.75	58	1400,0
80	-15.25	4.25	58	1400,0
80	-14.75	4.75	58	1400,0
80	-14.25	4.75	58	1400,0
80	-13.25	3.75	58	1400,0
80	-12.25	3.75	58	1400,0
80	-11.75	3.25	58	1400,0
80	-11.75	2.75	58	1400,0
80	-12.75	2.75	58	1400,0
80	-13.25	2.25	58	1400,0
80	-13.25	1.75	58	1400,0
80	-12.75	1.25	58	1400,0
80	-12.75	0.75	58	1400,0
80	-13.25	0.75	58	1400,0
80	-13.75	1.25	58	1400,0
80	-14.25	1.25	58	1400,0
80	-14.75	0.75	58	1400,0
80	-15.25	0.75	58	1400,0
80	-15.25	1.25	58	1400,0
80	-14.25	2.25	58	1400,0
80	-14.25	2.75	58	1400,0
80	-15.25	3.75	58	1400,0
31	-11.25	1.75	30	1400,0
31	-11.25	2.25	30	1400,0
31	-10.25	2.25	30	1400,0
31	-9.75	2.75	30	1400,0
31	-9.25	2.75	30	1400,0
31	-9.25	1.75	30	1400,0
31	-8.75	1.75	30	1400,0
31	-7.75	2.75	30	1400,0
31	-7.25	2.75	30	1400,0
31	-5.75	1.25	30	1400,0
31	-5.75	0.75	30	1400,0
31	-7.25	0.75	30	1400,0
31	-7.75	1.25	30	1400,0
31	-8.25	1.25	30	1400,0
31	-8.75	0.75	30	1400,0
31	-10.75	0.75	30	1400,0
31	-11.25	0.25	30	1400,0
31	-11.75	0.25	30	1400,0
31	-11.75	0.75	30	1400,0
31	-11.25	1.25	30	1400,0
31	-11.25	1.75	30	1400,0
37	-11.25	-0.25	35	1400,0
37	-11.25	0.25	35	1400,0
37	-10.75	0.75	35	1400,0
37	-8.75	0.75	35	1400,0
37	-8.25	1.25	35	1400,0
37	-7.75	1.25	35	1400,0
37	-7.25	0.75	35	1400,0
37	-5.25	0.75	35	1400,0
37	-4.75	0.25	35	1400,0
37	-4.75	-0.25	35	1400,0
37	-11.25	-0.25	35	1400,0
