x	y
0.151539447363852	0.671825759467424
-0.135378414564562	0.632542480229425
0.114668268760513	0.512928408625518
0.13246526960242	0.567102621480654
-0.0593093724341634	0.201210887225582
-0.0230158169827138	0.0805986560262332
-0.181014647594344	0.906750363967913
-0.100644493911238	0.544180120431448
-0.262824377866438	1.39456935764033
-0.0794473664291582	0.32032258020464
0.0940769969477463	0.465290671782421
-0.0527635934017971	0.208024196956713
0.0210669090947753	0.0732253467099209
-0.114233970277457	0.506399509268381
0.155727697838675	0.840255737555329
-0.22083419420954	1.42519257553616
-0.0468363713270103	0.250305289542387
-0.0431690707201937	0.15551436994036
0.138869616312163	0.769852978933055
-0.108556356954366	0.601994903667461
-0.00490279012524029	0.0175732648043755
0.150491115922645	0.941703157919146
-0.16956335373721	1.06923183074342
0.0548261165827861	0.258580917813908
-0.0923440138929702	0.397833427236213
0.0358917754613523	0.152480705658706
-0.0818730757735657	0.530652435447028
0.081270882890359	0.355084689197751
0.0505791669363553	0.23676783589755
-0.0413098683819456	0.19421078704322
-0.169963158233461	1.22871490192906
-0.0231024892587949	0.0934894171344961
0.0503699128956182	0.209458620050038
0.0661941984328768	0.290350349013454
-0.053983553819904	0.210369248507042
0.0129474289707514	0.0431781505591027
-0.0198326949083635	0.0730428493028937
-0.0185521962494223	0.0625870891388472
0.0926399292785312	0.395992349637006
-0.119973454771481	0.585372399456872
0.208425580716608	1.44335955629388
0.0570183496794707	0.252048610274391
-0.154334475776415	0.91432249781959
-0.0977723753834493	0.534533394434948
0.0738920259620684	0.398494929621074
-0.00499591385908574	0.0206314260149148
-0.0866491727381047	0.491722650351632
0.110399365793819	0.802814811220323
0.104860115126154	0.666686693953412
-0.0512962476241764	0.251202816726475
0.0322623417398495	0.141039608067734
0.0136131108337219	0.047899024686877
0.0429059433053235	0.173065577537223
0.0356563646671956	0.132785938699081
-0.032347961500812	0.120655027270352
0.0837084688721083	0.411447024643785
0.041134213031386	0.166777241432428
-0.0648233901844522	0.282216003447992
0.040481834982807	0.162269487903425
-0.125218779291041	0.682465699192076
0.0954934331155288	0.50215559423275
0.0146801855281355	0.0612144200647856
-0.155824701500968	1.23895344092983
0.05928337530426	0.297797932397343
-0.165228872814697	1.27291320916221
-0.014442931575455	0.0585414384504821
-0.0919379383562019	0.523056058091835
-0.0765118385069519	0.405677380608692
0.00321068696843976	0.0116435565458214
0.140724778656118	0.754563367208495
0.0292986733828883	0.0986353617756502
0.00620183915390993	0.0196374590202984
-0.0635335717952458	0.261537686341546
0.0442170489108359	0.167560733946763
0.0595295143351754	0.216833547851396
-0.0908163917880142	0.358327930949855
0.0523007467960372	0.198402711746509
0.092971424553895	0.424085055144348
-0.0770473890571118	0.353486046253195
0.0828840071590237	0.422002428878931
-0.0641155366996659	0.292320882001049
0.0809947218024691	0.443528538059407
-0.124458295611513	0.859631730442988
0.00399121888633439	0.0158825183228414
-0.0799295314074683	0.499224979080498
0.0812260376107093	0.479560828410471
0.0506671617723449	0.246998449405292
0.059968699531826	0.287739069001619
-0.0504236336041313	0.214819925092973
-0.173360964313988	1.04661880339921
-0.0596314501897553	0.221640018724771
-0.0574465671513688	0.23270032092502
0.0186804451199285	0.0697559922619575
-0.0917633271082042	0.395926686308515
-0.0331497143664409	0.127086508263745
0.0561810178362543	0.240334082844208
-0.0412348004821271	0.170414217038839
0.00995009781802798	0.0365673252285784
-0.108421092362473	0.628230261294821
0.0253138202707396	0.126692424639981
-0.103690490996226	0.721861624425059
-0.00844899416451445	0.0373985810172553
-0.329789698606111	1.5665435057588
-0.0728323729008725	0.248750612862829
-0.180219807970353	0.944209695108822
-0.0136855593133614	0.0469683927719981
-0.00901291408497212	0.0232792150149304
0.0862392859267677	0.247124607920518
0.119993950255714	0.408461365256946
0.0678365712863636	0.253055130629141
-0.0201728390758786	0.0738163142786441
0.106452010005379	0.370390836451158
0.308073449525294	1.20020105209422
0.050165919203706	0.152083752104856
0.238813637043732	1.19724957920777
0.110399914800695	0.516634114022962
0.0923704998377884	0.431185568458462
-0.0800784682527233	0.28143063531003
0.030777375850415	0.146875808491605
-0.0131795439467608	0.0619563782725893
-0.0437441190462327	0.231183860799488
0.0818192376801397	0.477232179596902
-0.00801846771925469	0.0334499485135249
0.103604386042271	0.731242291113476
-0.154667355370183	0.595113634100721
0.0787850878572721	0.313342197765238
-0.215273972873441	1.15802449513745
-0.0242373753668426	0.0543091416686031
-0.0079058899119066	0.0248431619227758
-0.00898073788666152	0.0327272308191588
-0.0918112315349035	0.383081591840212
0.00947225695389281	0.026932004351169
0.0274753116725357	0.0920093475899542
-0.0119217122487412	0.033235922508244
-0.0671190833342941	0.195783987964249
0.16597559319083	0.888011837539091
-0.0344711898817497	0.172930299823352
0.0425741231987732	0.176461044276949
-0.0973348030876256	0.640147098779489
0.0199992210853959	0.100120464394544
0.0134704660154794	0.0679911806789427
0.0231707167009447	0.119728298849914
-0.135431493358376	0.865825294110756
-0.0730176370273244	0.317347912246901
0.0250898841096873	0.0961076297971374
0.147327210513607	1.11815468370668
0.213896803551808	2.11949653289734
0.0886732363855868	0.447130360386267
-0.0563928112906632	0.213285823900694
-0.0556021440500899	0.245341766014567
0.0322139448032265	0.133020802803369
-0.188534176799273	1.57663474749901
0.0379952608858816	0.200106160873758
0.114825539341934	0.703262166437628
-0.0234005488890671	0.11868709547661
0.0462440159431541	0.263233525761777
-0.025117010285791	0.12918035548273
0.0367608172170968	0.192440431160863
-0.00743231327728357	0.0337236259809858
-0.154668987790149	0.780330250484437
-0.102955798958578	0.398566268199837
0.115517986873381	0.694608021416774
-0.170827479079444	1.42585914791107
-0.0766418726113907	0.395438285647698
0.262637587657661	2.29805967613279
0.0638384318444224	0.336567289158291
0.0937656326562171	0.492602889150815
0.0141146957548141	0.0448528227297246
0.00321807053772879	0.0118125287562208
0.0578694610893914	0.306818210918091
-0.0642736200157621	0.403952729648705
0.131110143414573	1.04091221996241
-0.0837127634146203	0.54949528106505
0.0392366580036972	0.216485860957939
-0.121984166709876	0.92136563840588
-0.0117659029108991	0.0485969672096415
0.0349762859594268	0.157262514491113
-0.0194484909570127	0.0869949937035484
-0.0445337063347007	0.237199279336811
-0.0631800151346271	0.367030931471528
0.000866592572266845	0.00318600061282804
-0.0686814999523168	0.270818802300059
-0.189803096919098	0.960531221229807
0.0181698090201515	0.0641185873992216
-0.0657661147550184	0.278049356533553
-0.205128200409581	1.13367991864077
-0.00444468325965413	0.0188593072352874
0.0322988488078516	0.139135538319045
-0.041761736459433	0.168084457030631
0.150759068189123	1.02777399179397
0.0517152665514443	0.249718376119977
0.0306028756801011	0.126258848632304
0.0572123956763519	0.339747759795802
-0.0130099280178905	0.0566295534296577
0.0084897654834199	0.0348269913167787
-0.0675663381052549	0.377240221748712
0.0404234832469654	0.207161307025263
-0.127144286097549	0.91858011736194
0.0677667088774497	0.43896005542128
0.173690910593417	1.5355184061655
0.0276078688265674	0.137305156710712
0.132297919112591	0.960034133550778
-0.0529509104211668	0.299513012779123
0.0466171058095752	0.260786739144682
-0.0499762352575115	0.277644134754142
0.143901004171199	0.99152524380303
0.149981673569847	0.964421280358286
-0.00665483921224386	0.0267602076465894
0.201479186891764	1.61183563838268
-0.0804096234758682	0.44241458587024
-0.087839825252362	0.543758220829172
-0.108256613848806	0.603864552992824
-0.0372260932761435	0.161640562581753
-0.148122844582898	0.968453399133807
0.072507268683553	0.386684688194972
-0.0914012732789778	0.471449134330672
-0.0521848021687871	0.28916444022732
-0.0507355107527551	0.24634425022595
-0.111759802675693	0.661558192669798
-0.00567324314417554	0.0238094296539241
0.0566758905727785	0.302825020336091
0.095041505881279	0.567104674608421
